,Danceability,Mode,Energy,Key,Loudness,Speechiness,Acousticness,Instrumentalness,Liveness,Valence,Tempo,Duration (ms),ID_CHECK,Song name,Artist,Album,ID
0,0.772,0,0.634,10,-6.101,0.212,0.135,0,0.432,0.671,160.052,210261,7hav1MHURQf5SAoPk0egqh,Baby Pluto,Lil Uzi Vert,Eternal Atake,7hav1MHURQf5SAoPk0egqh
1,0.701,1,0.65,6,-6.313,0.104,0.291,0,0.112,0.647,90.003,160212,0ada5XsQGLPUVbmTCkAP49,Hate The Other Side (with Marshmello & The Kid Laroi),Juice WRLD,Legends Never Die,0ada5XsQGLPUVbmTCkAP49
2,0.868,0,0.479,4,-6.687,0.445,0.703,0,0.102,0.776,133.928,115200,2AlYncTpVHKwHb55F9lF6O,Deep End Freestyle,Sleepy Hallow,Sleepy Hallow Presents: Sleepy For President,2AlYncTpVHKwHb55F9lF6O
3,0.711,1,0.611,1,-5.453,0.33,0.00588,0,0.23,0.144,134.093,252262,3QFInJAm9eyaho5vBzxInN,family ties (with Kendrick Lamar),Baby Keem,The Melodic Blue,3QFInJAm9eyaho5vBzxInN
4,0.798,0,0.744,7,-5.328,0.136,0.33,0.000106,0.292,0.794,82.356,260000,2qOm7ukLyHUXWyR4ZWLwxA,It Was A Good Day,Ice Cube,The Predator,2qOm7ukLyHUXWyR4ZWLwxA
5,0.673,0,0.649,1,-8.433,0.196,0.188,0,0.122,0.47,153.075,153800,2BJSMvOGABRxokHKB0OI8i,Shoota (feat. Lil Uzi Vert),Playboi Carti,Die Lit,2BJSMvOGABRxokHKB0OI8i
6,0.772,0,0.413,0,-8.193,0.089,0.0361,0,0.111,0.211,131.965,246213,4IowQDUOzUvNtp72HMDcKO,Love Sosa,Chief Keef,Finally Rich (Deluxe),4IowQDUOzUvNtp72HMDcKO
7,0.829,0,0.512,6,-5.865,0.187,0.492,0,0.12,0.638,80.511,123987,4XvcHTUfIlWfyJTRG0aqlo,2055,Sleepy Hallow,Still Sleep?,4XvcHTUfIlWfyJTRG0aqlo
8,0.83,1,0.564,1,-7.822,0.235,0.177,0,0.128,0.107,85.042,129882,5FkoSXiJPKTNyYgALRJFhD,ORANGE SODA,Baby Keem,DIE FOR MY BITCH,5FkoSXiJPKTNyYgALRJFhD
9,0.546,1,0.64,8,-5.582,0.37,0.0438,0,0.137,0.63,137.728,339250,6LNoArVBBVZzUTUiAX2aKO,Off The Grid,Kanye West,Donda,6LNoArVBBVZzUTUiAX2aKO
10,0.849,0,0.424,5,-9.579,0.324,0.0635,0,0.0834,0.153,145.887,242966,2BcMwX1MPV6ZHP4tUT9uq6,Knife Talk (with 21 Savage ft. Project Pat),Drake,Certified Lover Boy,2BcMwX1MPV6ZHP4tUT9uq6
11,0.629,0,0.676,1,-7.088,0.191,0.53,0.000325,0.701,0.497,90.377,152041,7umZiitjVsEjMQ6HNddpUI,Love Is Only a Feeling,Joey Bada$$,Love Is Only a Feeling,7umZiitjVsEjMQ6HNddpUI
12,0.594,1,0.798,4,-5.244,0.0844,0.115,0,0.143,0.381,142.049,191840,1Knctxx9vGZxpZfF66BIEa,Legends,Juice WRLD,Legends,1Knctxx9vGZxpZfF66BIEa
13,0.716,1,0.531,7,-7.355,0.122,0.0703,0,0.224,0.344,71.994,386907,2HbKqm4o0w5wEeEFXm2sD4,Money Trees,Kendrick Lamar,"good kid, m.A.A.d city",2HbKqm4o0w5wEeEFXm2sD4
14,0.517,0,0.705,6,-8.205,0.364,0.0751,0,0.128,0.584,175.906,239320,6Ius4TC0L3cN74HT7ENE6e,Wet Dreamz,J. Cole,2014 Forest Hills Drive,6Ius4TC0L3cN74HT7ENE6e
15,0.783,1,0.479,7,-10.646,0.541,0.149,0,0.101,0.533,176.027,163798,3JKgcAa7r07ocVWcV8bS0H,21,Polo G,THE GOAT,3JKgcAa7r07ocVWcV8bS0H
16,0.798,1,0.545,1,-6.466,0.168,0.00904,0.0000948,0.258,0.212,118.029,226653,0WSEq9Ko4kFPt8yo3ICd6T,Praise God,Kanye West,Donda,0WSEq9Ko4kFPt8yo3ICd6T
17,0.704,1,0.537,0,-8.565,0.302,0.223,0,0.122,0.7,77.444,123871,2ZXxRC6V6AXzMdbLQZMHSB,LOT OF ME,Lil Tecca,We Love You Tecca 2,2ZXxRC6V6AXzMdbLQZMHSB
18,0.693,1,0.935,8,-4.323,0.224,0.18,0,0.179,0.391,80.882,219802,6M47gaKejso9772SKTa3yH,Face Off,Tech N9ne,ASIN9NE,6M47gaKejso9772SKTa3yH
19,0.798,1,0.574,1,-6.548,0.157,0.024,0,0.122,0.309,155.964,138587,4eL3XeuGaEoVT8ttDh3hwY,Too Easy,Gunna,Too Easy,4eL3XeuGaEoVT8ttDh3hwY
20,0.789,1,0.536,6,-6.862,0.242,0.41,0,0.129,0.437,81.039,165926,18vXApRmJSgQ6wG2ll9AOg,RAPSTAR,Polo G,Hall of Fame,18vXApRmJSgQ6wG2ll9AOg
21,0.474,0,0.631,5,-5.884,0.343,0.0687,0,0.132,0.425,180.051,189323,6Gg1gjgKi2AK4e0qzsR7sd,Bandit (with YoungBoy Never Broke Again),Juice WRLD,Bandit (with YoungBoy Never Broke Again),6Gg1gjgKi2AK4e0qzsR7sd
22,0.774,1,0.554,0,-7.909,0.0383,0.207,0,0.132,0.349,99.034,162547,22LAwLoDA5b4AaGSkg6bKW,Blueberry Faygo,Lil Mosey,Certified Hitmaker,22LAwLoDA5b4AaGSkg6bKW
23,0.88,0,0.443,11,-6.359,0.0653,0.462,0.00000713,0.122,0.803,138.018,221240,60PAzFNW3vAiAiVK6DRJfB,Day 'N' Nite (Nightmare),Kid Cudi,Man On The Moon: The End Of Day (Int'l Version),60PAzFNW3vAiAiVK6DRJfB
24,0.709,1,0.548,10,-8.493,0.353,0.65,0.00000159,0.133,0.543,83.995,160000,1tkg4EHVoqnhR6iFEXb60y,What You Know Bout Love,Pop Smoke,Shoot For The Stars Aim For The Moon,1tkg4EHVoqnhR6iFEXb60y
25,0.666,1,0.465,1,-8.545,0.26,0.0503,0,0.215,0.292,167.937,291175,40iJIUlhi6renaREYGeIDS,Fair Trade (with Travis Scott),Drake,Certified Lover Boy,40iJIUlhi6renaREYGeIDS
26,0.672,1,0.654,1,-4.528,0.0966,0.201,0,0.1,0.404,78.512,188026,1HsOTiVqdN7PB1zOS2bcsO,Matt Hardy 999 (feat. Juice WRLD),Trippie Redd,Trip At Knight (Complete Edition),1HsOTiVqdN7PB1zOS2bcsO
27,0.908,0,0.621,1,-6.638,0.102,0.000282,0.0000539,0.0958,0.421,150.011,177000,7KXjTSCq5nL1LoYtL7XAwS,HUMBLE.,Kendrick Lamar,DAMN.,7KXjTSCq5nL1LoYtL7XAwS
28,0.789,1,0.858,1,-5.542,0.311,0.127,0,0.349,0.775,140.022,219333,4Li2WHPkuyCdtmokzW2007,Ni**as In Paris,JAY-Z,Watch The Throne (Deluxe),4Li2WHPkuyCdtmokzW2007
29,0.692,0,0.521,10,-8.465,0.33,0.301,0,0.0565,0.463,100.45,292987,62vpWI1CHwFy7tMIcSStl8,No Role Modelz,J. Cole,2014 Forest Hills Drive,62vpWI1CHwFy7tMIcSStl8
30,0.736,1,0.67,10,-6.702,0.311,0.186,0,0.114,0.845,130.032,169999,5wujBwqG7INdStqGd4tRMX,Armed And Dangerous,Juice WRLD,Goodbye & Good Riddance,5wujBwqG7INdStqGd4tRMX
31,0.367,1,0.665,1,-2.821,0.0465,0.145,0,0.113,0.31,148.913,229147,3sNVsP50132BTNlImLx70i,Bound 2,Kanye West,Yeezus,3sNVsP50132BTNlImLx70i
32,0.703,1,0.757,1,-3.612,0.05,0.617,0,0.106,0.696,82.008,221747,2eAZfqOm4EnOF9VvN50Tyc,The Way Life Goes (feat. Oh Wonder),Lil Uzi Vert,Luv Is Rage 2,2eAZfqOm4EnOF9VvN50Tyc
33,0.803,0,0.597,11,-6.035,0.141,0.000619,0.0000045,0.323,0.331,136.008,257605,0k1WUmIRnG3xU6fvvDVfRG,Way 2 Sexy (with Future & Young Thug),Drake,Certified Lover Boy,0k1WUmIRnG3xU6fvvDVfRG
34,0.772,1,0.639,1,-7.119,0.467,0.15,0,0.0698,0.261,168.112,166560,6uFn47ACjqYkc0jADwEdj1,Pop Out (feat. Lil Tjay),Polo G,Die A Legend,6uFn47ACjqYkc0jADwEdj1
35,0.585,0,0.52,5,-6.136,0.0712,0.124,0.0000701,0.131,0.129,159.801,218147,0e7ipj03S05BNilyu5bRzt,rockstar (feat. 21 Savage),Post Malone,beerbongs & bentleys,0e7ipj03S05BNilyu5bRzt
36,0.883,0,0.808,1,-3.158,0.182,0.0313,0,0.207,0.806,119.01,232065,1C8ux1YWLMHCenYJFiIV4Z,PTSD,G Herbo,PTSD,1C8ux1YWLMHCenYJFiIV4Z
37,0.809,1,0.545,7,-6.678,0.0735,0.392,0,0.151,0.244,97.008,180435,3QzAOrNlsabgbMwlZt7TAY,Ballin' (with Roddy Ricch),Mustard,Perfect Ten,3QzAOrNlsabgbMwlZt7TAY
38,0.685,0,0.731,10,-5.503,0.414,0.0292,0,0.369,0.266,145.245,247867,275a9yzwGB6ncAW4SxY7q3,Panda,Desiigner,Panda,275a9yzwGB6ncAW4SxY7q3
39,0.895,0,0.682,7,-5.268,0.356,0.156,0,0.173,0.563,121.925,240000,6VcAvPi9QbnUO42pQy6WVN,2 Phones,Kevin Gates,2 Phones,6VcAvPi9QbnUO42pQy6WVN
40,0.722,1,0.331,8,-7.789,0.0726,0.337,0.282,0.146,0.102,143.961,313547,71SDPonZOsIKNtqnaX8LXj,Low Life (feat. The Weeknd),Future,EVOL,71SDPonZOsIKNtqnaX8LXj
41,0.77,1,0.659,0,-6.033,0.0823,0.0044,0,0.128,0.248,118.805,232090,1QCJfrkYyUC59owJ6uLQls,Really Really,Kevin Gates,Really Really,1QCJfrkYyUC59owJ6uLQls
42,0.725,1,0.534,11,-6.238,0.0946,0.0752,0,0.0919,0.558,91.974,219320,32lmL4vQAAotg6MrJnhlQZ,Work,Rihanna,ANTI,32lmL4vQAAotg6MrJnhlQZ
43,0.959,1,0.598,8,-5.534,0.0713,0.0358,0,0.358,0.408,127.029,213000,33JcUj9qQDayKswunZP9ar,Best Friend,Young Thug,Best Friend,33JcUj9qQDayKswunZP9ar
44,0.896,1,0.623,2,-8.008,0.0571,0.00257,0.000258,0.039,0.585,134.962,267024,6nmz4imkDcmtwMjocAzFSx,Hotline Bling,Drake,Hotline Bling,6nmz4imkDcmtwMjocAzFSx
45,0.816,1,0.535,9,-8.302,0.338,0.147,0.00000453,0.176,0.435,80.012,241267,0sr5LOMv4x0jmTYfe6oOvP,Back Up (feat. Big Sean),DeJ Loaf,#AndSeeThatsTheThing,0sr5LOMv4x0jmTYfe6oOvP
46,0.716,1,0.647,1,-4.008,0.0345,0.119,0.0000138,0.121,0.156,131.04,263817,0KaA33vmmUEY77YD6L3KFi,Antidote,Travis Scott,Antidote,0KaA33vmmUEY77YD6L3KFi
47,0.741,1,0.54,6,-9.733,0.303,0.0159,0,0.173,0.781,85.022,239453,6AYwClZvzz3HTw4ghP4FgO,Bottom of the Bottle (feat. August Alsina & Lil Wayne),Curren$y,Bottom of the Bottle (feat. August Alsina & Lil Wayne),6AYwClZvzz3HTw4ghP4FgO
48,0.618,1,0.717,7,-5.738,0.318,0.00256,0,0.625,0.603,190.05,196693,5NQbUaeTEOGdD6hHcre0dZ,679 (feat. Remy Boyz),Fetty Wap,679 (feat. Remy Boyz),5NQbUaeTEOGdD6hHcre0dZ
49,0.728,0,0.694,0,-5.07,0.161,0.281,0,0.118,0.74,143.078,206307,76v0OHTbZGeOZYmaLtEDhQ,This Could Be Us,Rae Sremmurd,SremmLife,76v0OHTbZGeOZYmaLtEDhQ
50,0.813,1,0.453,1,-6.941,0.338,0.0933,0,0.14,0.191,161.997,208027,5nN8BwAQDJDguq7Dpd3JQQ,Where Ya At (feat. Drake),Future,DS2 (Deluxe),5nN8BwAQDJDguq7Dpd3JQQ
51,0.589,0,0.658,11,-5.288,0.203,0.0242,0,0.118,0.251,77.521,223973,0hy1SOTEn9ifXTzOwnCwEr,All Eyes on You (feat. Chris Brown & Nicki Minaj),Meek Mill,Dreams Worth More Than Money,0hy1SOTEn9ifXTzOwnCwEr
52,0.79,1,0.585,8,-6.058,0.0348,0.185,0,0.292,0.585,94.072,226000,3G7XYAwtxtoGK7fAm4IlD9,Classic Man (feat. Roman GianArthur),Jidenna,Classic Man (feat. Roman GianArthur),3G7XYAwtxtoGK7fAm4IlD9
53,0.746,1,0.873,7,-3.803,0.128,0.0244,0,0.354,0.817,148.075,222093,3twQx3psUMJKj4wna5d1zU,Trap Queen,Fetty Wap,Trap Queen,3twQx3psUMJKj4wna5d1zU
54,0.747,0,0.705,9,-5.137,0.126,0.0128,0,0.126,0.56,136.024,213507,02M6vucOvmRfMxTXDUwRXu,7/11,Beyoncé,BEYONCÉ [Platinum Edition],02M6vucOvmRfMxTXDUwRXu
55,0.709,0,0.589,8,-7.776,0.0433,0.0507,0,0.0585,0.58,133.922,278067,29gsi1zZrZxdStACmTQB0Z,Studio,ScHoolboy Q,Oxymoron (Deluxe),29gsi1zZrZxdStACmTQB0Z
56,0.93,1,0.508,1,-6.1,0.13,0.00787,0,0.0855,0.229,120.05,231244,6gmhFrUjNhwWIAWMYw2qmb,No Flex Zone,Rae Sremmurd,No Flex Zone,6gmhFrUjNhwWIAWMYw2qmb
57,0.652,0,0.795,11,-5.192,0.174,0.156,0,0.123,0.788,135.018,304607,0v9Wz8o0BT8DU38R4ddjeH,No Problem (feat. Lil Wayne & 2 Chainz),Chance the Rapper,Coloring Book,0v9Wz8o0BT8DU38R4ddjeH
58,0.886,1,0.525,8,-7.39,0.132,0.236,0,0.057,0.708,145.99,225205,0qy5D3OJre7SPJNMOL9I71,Broccoli,Shelley FKA DRAM,Broccoli,0qy5D3OJre7SPJNMOL9I71
59,0.776,1,0.624,1,-5.815,0.0505,0.00849,0.00208,0.356,0.354,103.987,173975,11hqMWwX7sF3sOGdtijofF,One Dance,Drake,One Dance,11hqMWwX7sF3sOGdtijofF
60,0.789,0,0.488,4,-9.093,0.227,0.179,0.00000794,0.104,0.0644,133.114,209453,23NWj2izXAJ4yL6Nah73wf,Pop Style,Drake,Pop Style,23NWj2izXAJ4yL6Nah73wf
61,0.762,0,0.611,9,-5.462,0.0876,0.122,0.000315,0.141,0.386,99.934,206760,2aYzt5nE3tBUMahasMUoOl,Be Real,Kid Ink,Be Real,2aYzt5nE3tBUMahasMUoOl
62,0.859,0,0.627,6,-7.91,0.13,0.0388,0.000202,0.101,0.594,142.062,260453,5uqphUYsR45kPYplrYSAQh,Throw Sum Mo,Rae Sremmurd,SremmLife,5uqphUYsR45kPYplrYSAQh
63,0.727,1,0.599,1,-6.941,0.327,0.317,0,0.219,0.386,167.909,197133,0Y0TOsE1q11qgbi7c5WZsG,R.I.C.O. (feat. Drake),Meek Mill,Dreams Worth More Than Money,0Y0TOsE1q11qgbi7c5WZsG
64,0.65,1,0.741,1,-5.842,0.184,0.322,0,0.422,0.575,146.175,271760,1wcWdMlLjzp7Rx25JJN7c4,Guap,Big Sean,Guap,1wcWdMlLjzp7Rx25JJN7c4
65,0.928,0,0.481,9,-9.35,0.287,0.105,0,0.176,0.613,134.007,210937,5o2r7507gCOYdRMeR3noqZ,Fake Love,Drake,More Life,5o2r7507gCOYdRMeR3noqZ
66,0.718,0,0.679,11,-5.899,0.0706,0.00191,0.0104,0.385,0.205,157.97,173347,6BbINUfGabVyiNFJpQXn3x,Wicked,Future,EVOL,6BbINUfGabVyiNFJpQXn3x
67,0.852,1,0.553,1,-7.286,0.187,0.0559,0,0.332,0.656,142.079,205879,27GmP9AWRs744SzKcpJsTZ,Jumpman,Drake,What A Time To Be Alive,27GmP9AWRs744SzKcpJsTZ
68,0.724,1,0.573,7,-4.113,0.0549,0.118,0,0.538,0.438,113.088,135920,4KW1lqgSr8TKrvBII0Brf8,Father Stretch My Hands Pt. 1,Kanye West,The Life Of Pablo,4KW1lqgSr8TKrvBII0Brf8
69,0.764,1,0.475,0,-12.618,0.114,0.345,0,0.14,0.34,129.974,243270,40yJGQyEaBbIkXpwMFkXip,One Night,Lil Yachty,Lil Boat,40yJGQyEaBbIkXpwMFkXip
70,0.686,1,0.623,1,-3.425,0.13,0.00287,0.00145,0.219,0.176,140.171,219759,2eqUZAVXjK61mZqLl4LKJJ,I Got the Keys (feat. Jay-Z & Future),DJ Khaled,Major Key,2eqUZAVXjK61mZqLl4LKJJ
71,0.794,1,0.632,0,-6.163,0.0649,0.142,0,0.128,0.355,145.926,291893,6fujklziTHa8uoM5OQSfIo,Black Beatles,Rae Sremmurd,SremmLife 2 (Deluxe),6fujklziTHa8uoM5OQSfIo
72,0.65,0,0.683,1,-7.098,0.311,0.0887,0,0.252,0.33,130.073,203227,2TAf6ITyhwc9Z3MYb4tSYl,On The Way,TWENTY88,TWENTY88,2TAf6ITyhwc9Z3MYb4tSYl
73,0.539,0,0.528,11,-8.113,0.252,0.0108,0,0.117,0.252,190.169,228640,16Ah4QqH4mgYVXqfC4mdSd,LUV,Tory Lanez,I Told You,16Ah4QqH4mgYVXqfC4mdSd
74,0.564,1,0.703,2,-5.459,0.269,0.437,0.00927,0.358,0.477,139.045,237840,5fyIGoaaKelzdyW8ELhYJZ,Feeling Myself,Nicki Minaj,The Pinkprint (Deluxe),5fyIGoaaKelzdyW8ELhYJZ
75,0.747,1,0.571,11,-7.916,0.478,0.38,0,0.534,0.553,172.104,181933,79XrkTOfV1AqySNjVlygpW,Energy,Drake,If You're Reading This It's Too Late,79XrkTOfV1AqySNjVlygpW
76,0.779,0,0.572,6,-9.985,0.378,0.157,0,0.246,0.647,135.956,300160,2P3SLxeQHPqh8qKB6gtJY2,Poetic Justice,Kendrick Lamar,"good kid, m.A.A.d city (Deluxe)",2P3SLxeQHPqh8qKB6gtJY2
77,0.824,1,0.733,1,-5.474,0.0613,0.0362,0,0.325,0.395,97.972,284387,7FYH5AW3bVfZHJIQpq3UOA,I Don't Fuck With You,Big Sean,Dark Sky Paradise,7FYH5AW3bVfZHJIQpq3UOA
78,0.796,1,0.766,7,-5.974,0.238,0.0742,0,0.0827,0.558,110.034,219333,3iVcZ5G6tvkXZkZKlMpIUs,Alright,Kendrick Lamar,To Pimp A Butterfly,3iVcZ5G6tvkXZkZKlMpIUs
79,0.916,0,0.571,10,-8.241,0.2,0.0173,0.00000111,0.153,0.498,103.521,183695,5TqBAOIBe0bQA0spNdcG3k,For Free (feat. Drake),DJ Khaled,Major Key,5TqBAOIBe0bQA0spNdcG3k
80,0.587,1,0.698,1,-8.948,0.0943,0.0152,0,0.442,0.0985,133.954,310720,4Pwjz3DfvfQWV0rO2V8jyh,"Bitch, Don’t Kill My Vibe",Kendrick Lamar,"good kid, m.A.A.d city",4Pwjz3DfvfQWV0rO2V8jyh
81,0.752,1,0.489,1,-5.233,0.137,0.11,0.00000357,0.202,0.373,108.005,300973,7uWVT3UkCAZyANvv0bdyQn,These Walls,Kendrick Lamar,To Pimp A Butterfly,7uWVT3UkCAZyANvv0bdyQn
82,0.828,1,0.55,5,-9.158,0.255,0.000379,0.0016,0.134,0.254,160.016,180000,6bqtKURdSWkInAJHDkuaL0,I'm The Plug,Drake,What A Time To Be Alive,6bqtKURdSWkInAJHDkuaL0
83,0.893,0,0.48,1,-3.728,0.356,0.00855,0,0.116,0.382,86.976,170638,5lFDtgWsjRJu8fPOAyJIAK,Back To Back,Drake,Back To Back,5lFDtgWsjRJu8fPOAyJIAK
84,0.825,0,0.757,11,-3.687,0.384,0.262,0.00000172,0.0762,0.89,172.938,177733,0Qdbw4psZRGYANJauFqbdt,10 Bands,Drake,If You're Reading This It's Too Late,0Qdbw4psZRGYANJauFqbdt
85,0.769,0,0.632,10,-4.228,0.0537,0.0325,0,0.116,0.294,131.932,176387,4cg1yakyRSIOjxKM2I7J1q,Digits,Young Thug,Slime Season 3,4cg1yakyRSIOjxKM2I7J1q
86,0.794,1,0.653,7,-7.839,0.104,0.0489,0.0000488,0.1,0.397,117.996,263373,3BtuIIrQlkujKPuWF2B85z,Too Good,Drake,Views,3BtuIIrQlkujKPuWF2B85z
87,0.711,0,0.739,7,-3.804,0.129,0.114,0,0.226,0.43,136.919,252256,20dP2DaMHIAmwWAbp7peSr,pick up the phone,Travis Scott,Birds In The Trap Sing McKnight,20dP2DaMHIAmwWAbp7peSr
88,0.895,0,0.491,10,-10.261,0.246,0.0144,0.000988,0.143,0.249,83.505,227727,0Di26AbdtizzHkFstPyt7A,No Shopping,French Montana,No Shopping,0Di26AbdtizzHkFstPyt7A
89,0.884,0,0.657,6,-4.569,0.0977,0.00589,0,0.154,0.489,107.059,234693,0N3W5peJUQtI4eyR6GJT5O,King Kunta,Kendrick Lamar,To Pimp A Butterfly,0N3W5peJUQtI4eyR6GJT5O
90,0.943,0,0.595,5,-8.372,0.191,0.0673,0,0.0839,0.815,117.532,165291,34oWbFBfGEElvgO0a5c9V4,No Flockin',Kodak Black,No Flockin',34oWbFBfGEElvgO0a5c9V4
91,0.63,1,0.804,6,-4.183,0.0363,0.215,0,0.253,0.492,123.146,220293,3a1lNhkSLSkpJE4MSHpDu9,Congratulations,Post Malone,Stoney (Deluxe),3a1lNhkSLSkpJE4MSHpDu9
92,0.92,0,0.731,4,-4.996,0.274,0.181,0,0.121,0.476,132.086,206267,6eBrlbv2HMYcldwjoMWIrC,Pipe It Up,Migos,Yung Rich Nation,6eBrlbv2HMYcldwjoMWIrC
93,0.768,0,0.807,2,-5.508,0.106,0.053,0.00000299,0.214,0.575,112.001,284000,0hKBQO2KtkDw99y7oUaTPf,Shining,DJ Khaled,Shining,0hKBQO2KtkDw99y7oUaTPf
94,0.87,0,0.562,11,-5.931,0.241,0.0672,0.0000131,0.193,0.414,139.99,237533,6e5zkH95rNF8em5vd2bwbU,F*ck Up Some Commas,Future,F*ck Up Some Commas,6e5zkH95rNF8em5vd2bwbU
95,0.776,0,0.675,8,-6.224,0.266,0.00196,0,0.227,0.27,131.984,217707,7jslhIiELQkgW9IHeYNOWE,Big Rings,Drake,What A Time To Be Alive,7jslhIiELQkgW9IHeYNOWE
96,0.559,0,0.716,11,-3.964,0.39,0.737,0,0.252,0.504,176.618,275227,4jtyUzZm9WLc2AdaJ1dso7,0 To 100 / The Catch Up,Drake,0 To 100 / The Catch Up,4jtyUzZm9WLc2AdaJ1dso7
97,0.843,1,0.359,0,-7.417,0.461,0.069,0,0.12,0.156,81.987,163944,2ANLarE8yHVsLWW21nj79M,You Was Right,Lil Uzi Vert,Lil Uzi Vert vs. The World,2ANLarE8yHVsLWW21nj79M
98,0.733,0,0.676,10,-5.655,0.0432,0.0697,0,0.208,0.701,97.448,226581,0fgZUSa7D7aVvv3GfO0A1n,Post to Be (feat. Chris Brown & Jhene Aiko),Omarion,Sex Playlist,0fgZUSa7D7aVvv3GfO0A1n
99,0.705,1,0.609,3,-5.728,0.0729,0.694,0,0.234,0.718,140.058,199993,4uhvMW7ly7tJil31YYscAN,Erase Your Social,Lil Uzi Vert,The Perfect LUV Tape,4uhvMW7ly7tJil31YYscAN
100,0.855,0,0.492,0,-7.578,0.0483,0.0775,0.00000671,0.111,0.385,109.975,240000,08F16baYbciTva9P4BvpiI,MAFIA,Travis Scott,ESCAPE PLAN / MAFIA,08F16baYbciTva9P4BvpiI
101,0.533,1,0.501,8,-9.299,0.0436,0.143,0.000578,0.172,0.3,120.159,200160,0qkA0NU7cDKWkFXNGRcNaB,Sandman,A$AP Rocky,LIVE.LOVE.A$AP,0qkA0NU7cDKWkFXNGRcNaB
102,0.578,1,0.449,1,-6.349,0.286,0.0618,0.00000217,0.119,0.1,136.006,192956,65OVbaJR5O1RmwOQx0875b,Wants and Needs (feat. Lil Baby),Drake,Scary Hours 2,65OVbaJR5O1RmwOQx0875b
103,0.746,1,0.69,11,-7.956,0.164,0.247,0,0.101,0.497,89.977,181733,7ytR5pFWmSjzHJIeQkgog4,ROCKSTAR (feat. Roddy Ricch),DaBaby,BLAME IT ON BABY,7ytR5pFWmSjzHJIeQkgog4
104,0.841,1,0.728,7,-3.37,0.0484,0.0847,0,0.149,0.43,130.049,243837,6gBFPUFcJLzWGx4lenP6h2,goosebumps,Travis Scott,Birds In The Trap Sing McKnight,6gBFPUFcJLzWGx4lenP6h2
105,0.781,0,0.594,0,-6.959,0.0485,0.0136,0,0.162,0.0628,129.895,178154,3aQem4jVGdhtg116TmJnHz,What’s Next,Drake,Scary Hours 2,3aQem4jVGdhtg116TmJnHz
106,0.676,0,0.609,2,-5.831,0.481,0.0706,0,0.152,0.508,142.037,237735,5yY9lUy8nbvjM1Uyo1Uqoc,Life Is Good (feat. Drake),Future,Life Is Good (feat. Drake),5yY9lUy8nbvjM1Uyo1Uqoc
107,0.834,1,0.73,8,-3.714,0.222,0.00513,0,0.124,0.446,155.008,312820,2xLMifQCjDGFmkHkpNLD9h,SICKO MODE,Travis Scott,ASTROWORLD,2xLMifQCjDGFmkHkpNLD9h
108,0.598,0,0.427,7,-8.764,0.0317,0.0546,0.00000583,0.21,0.0605,76.469,175721,3eekarcy7kvN4yt5ZFzltW,HIGHEST IN THE ROOM,Travis Scott,HIGHEST IN THE ROOM,3eekarcy7kvN4yt5ZFzltW
109,0.732,0,0.75,11,-6.366,0.231,0.00264,0,0.109,0.401,155.096,182707,7GX5flRQZVHRAGd6B4TmDO,XO Tour Llif3,Lil Uzi Vert,Luv Is Rage 2,7GX5flRQZVHRAGd6B4TmDO
110,0.89,1,0.633,11,-5.475,0.168,0.0232,0.000343,0.0993,0.425,139.948,233087,1XRgIKC5TPwo7nWGyKqgG0,I Get the Bag (feat. Migos),Gucci Mane,Mr. Davis,1XRgIKC5TPwo7nWGyKqgG0
111,0.716,0,0.537,0,-7.648,0.0514,0.233,0,0.157,0.28,129.979,165978,39Yp9wwQiSRIDOvrVg7mbk,THE SCOTTS,THE SCOTTS,THE SCOTTS,39Yp9wwQiSRIDOvrVg7mbk
112,0.889,0,0.496,4,-6.365,0.0905,0.259,0,0.252,0.544,86.003,180522,2IRZnDFmlqMuOrYOLnZZyc,Going Bad (feat. Drake),Meek Mill,Championships,2IRZnDFmlqMuOrYOLnZZyc
113,0.802,1,0.591,8,-4.895,0.225,0.0104,0,0.196,0.309,139.864,157712,6gi6y1xwmVszDWkUqab1qw,OUT WEST (feat. Young Thug),JACKBOYS,JACKBOYS,6gi6y1xwmVszDWkUqab1qw
114,0.837,1,0.364,8,-11.713,0.276,0.149,0,0.271,0.463,123.984,213594,2JvzF1RMd7lE3KmFlsyZD8,MIDDLE CHILD,J. Cole,MIDDLE CHILD,2JvzF1RMd7lE3KmFlsyZD8
115,0.88,1,0.428,9,-8.28,0.206,0.149,0.0000507,0.114,0.333,100.007,172800,7sO5G9EABYOXQKNPNiE9NR,Ric Flair Drip (& Metro Boomin),21 Savage,Without Warning,7sO5G9EABYOXQKNPNiE9NR
116,0.823,1,0.561,6,-5.1,0.0432,0.0418,0,0.0904,0.635,98.033,226247,1N1yRlgw2AgZeVndoGRFIk,Ayo,Chris Brown,Ayo,1N1yRlgw2AgZeVndoGRFIk
117,0.887,0,0.673,10,-6.846,0.0503,0.0743,0.0000406,0.124,0.491,105.113,219227,3keUgTGEoZJt0QkzTB6kHg,Truffle Butter,Nicki Minaj,Truffle Butter,3keUgTGEoZJt0QkzTB6kHg
118,0.448,0,0.782,9,-6.766,0.458,0.378,0,0.114,0.694,74.037,210704,7KLB6Jptw9wyQXkSLiO8qh,Might Be,DJ Luke Nasty,Might Be - Single,7KLB6Jptw9wyQXkSLiO8qh
119,0.697,0,0.4,5,-5.888,0.0511,0.106,0,0.102,0.443,179.007,245520,3WjyiSbfR74pjWXQ3IaFKJ,Impatient,Jeremih,Late Nights: The Album,3WjyiSbfR74pjWXQ3IaFKJ
120,0.858,1,0.697,2,-5.361,0.23,0.114,0,0.224,0.364,98.012,290836,6AoYWCzsDls6c61Zp5qTuU,$ave Dat Money (feat. Fetty Wap & Rich Homie Quan),Lil Dicky,Professional Rapper,6AoYWCzsDls6c61Zp5qTuU
121,0.761,0,0.438,7,-7.501,0.0757,0.769,0,0.111,0.659,109.928,212813,4a3Bfx9Q48VjXddJgJmfzw,Comfortable,K CAMP,Comfortable,4a3Bfx9Q48VjXddJgJmfzw
122,0.726,1,0.607,2,-7.68,0.0498,0.0389,0,0.19,0.891,81.997,176744,4T0ScSPdQKmGvruK7pavNP,"Flex (Ooh, Ooh, Ooh)",Rich Homie Quan,"Flex (Ooh, Ooh, Ooh) - Single",4T0ScSPdQKmGvruK7pavNP
123,0.781,1,0.728,1,-4.981,0.0621,0.0509,0.00000194,0.257,0.395,102.99,219306,0NTMtAO2BV4tnGvw9EgBVq,Bitch Better Have My Money,Rihanna,Bitch Better Have My Money,0NTMtAO2BV4tnGvw9EgBVq
124,0.742,1,0.595,9,-7.51,0.107,0.15,0,0.111,0.431,101.013,227000,3jVtllWS5CFFWLQng8sKsr,2 On (feat. ScHoolboy Q),Tinashe,Aquarius,3jVtllWS5CFFWLQng8sKsr
125,0.667,1,0.61,1,-7.054,0.217,0.322,0.000203,0.426,0.465,99.991,241160,7FOJvA3PxiIU0DN3JjQ7jT,Power Trip (feat. Miguel),J. Cole,Born Sinner,7FOJvA3PxiIU0DN3JjQ7jT
126,0.748,1,0.741,6,-3.103,0.0531,0.00419,0,0.147,0.537,128.077,213053,1WoOzgvz6CgH4pX6a1RKGp,My Way (feat. Monty),Fetty Wap,Fetty Wap (Deluxe),1WoOzgvz6CgH4pX6a1RKGp
127,0.573,0,0.495,8,-7.245,0.592,0.405,0,0.0969,0.255,179.196,312027,4MRT0dDbhqFKl67WzhUbSw,Only,Nicki Minaj,The Pinkprint (Deluxe),4MRT0dDbhqFKl67WzhUbSw
128,0.882,1,0.699,2,-5.572,0.249,0.0196,0,0.0469,0.42,145.008,257267,7mhk9WyqZZzvTTCQKfh2iV,Law (feat. E-40),Yo Gotti,The Art of Hustle (Deluxe),7mhk9WyqZZzvTTCQKfh2iV
129,0.733,1,0.575,0,-5.877,0.0651,0.547,0,0.0551,0.58,149.982,232720,4USkck1rAt5i460l5yvdOk,Body,Dreezy,Body,4USkck1rAt5i460l5yvdOk
130,0.671,0,0.314,5,-8.091,0.244,0.11,0,0.0825,0.296,110.898,191600,1Tt4sE4pXi57mTD1GCzsqm,Needed Me,Rihanna,ANTI,1Tt4sE4pXi57mTD1GCzsqm
131,0.64,1,0.819,7,-4.108,0.455,0.533,0,0.156,0.623,166.012,234526,0D21XvHcVsIvJM6FcGY2BT,OOOUUU,Young M.A,OOOUUU,0D21XvHcVsIvJM6FcGY2BT
132,0.779,1,0.455,1,-15.025,0.28,0.0542,0,0.177,0.197,140.181,153429,7zBPzAjKAqQpcv8F8GCq5s,Uber Everywhere,MadeinTYO,Uber Everywhere,7zBPzAjKAqQpcv8F8GCq5s
133,0.886,1,0.427,6,-10.028,0.145,0.0312,0.00099,0.0906,0.23,108.034,177184,5uDASfU19gDxSjW8cnCaBp,Chill Bill (feat. J. Davi$ & Spooks),Rob $tone,Chill Bill (feat. J. Davi$ & Spooks),5uDASfU19gDxSjW8cnCaBp
134,0.899,0,0.504,8,-6.758,0.5,0.826,0,0.052,0.537,129.89,207813,22DKsoYFV5npPXmnPpXL7i,Watch Out,2 Chainz,Watch Out,22DKsoYFV5npPXmnPpXL7i
135,0.926,0,0.336,0,-9.326,0.594,0.0392,0,0.138,0.38,92.995,196600,39hnH8WdPmNT3Q3yzwC9Rg,Why You Always Hatin?,YG,Still Brazy (Deluxe),39hnH8WdPmNT3Q3yzwC9Rg
136,0.782,0,0.572,4,-7.467,0.0385,0.0516,0,0.33,0.244,120.021,228562,2XhWx5K2hFm1lsKSWa71rg,Look Alive,Rae Sremmurd,Look Alive,2XhWx5K2hFm1lsKSWa71rg
137,0.418,1,0.687,5,-4.293,0.105,0.202,0,0.111,0.549,79.449,238480,4dfCW8ynuItQ9ABweWyl4C,oui,Jeremih,oui,4dfCW8ynuItQ9ABweWyl4C
138,0.825,0,0.477,2,-10.59,0.301,0.772,0,0.105,0.379,117.931,278493,5lsrKf4mzIO4gA9U9eBYms,Overtime,ScHoolboy Q,Blank Face LP,5lsrKf4mzIO4gA9U9eBYms
139,0.735,0,0.607,5,-6.604,0.169,0.63,0.00000718,0.157,0.581,125.317,219420,7jXggAR8kHewiFN4LBii3Z,Nasty (feat. Jeremih & Spice),Kid Ink,Nasty (feat. Jeremih & Spice),7jXggAR8kHewiFN4LBii3Z
140,0.869,1,0.687,1,-6.816,0.263,0.0208,0.000001,0.114,0.668,96.006,233787,4XoP1AkbOurU9CeZ2rMEz2,"F**kin' Problems (feat. Drake, 2 Chainz & Kendrick Lamar)",A$AP Rocky,LONG.LIVE.A$AP (Deluxe Version),4XoP1AkbOurU9CeZ2rMEz2
141,0.827,1,0.702,6,-7.264,0.267,0.226,0.0000504,0.158,0.694,130.02,191720,6Dwtha2FtZFoMEBh5GR2sq,CRZY,Kehlani,SweetSexySavage (Deluxe),6Dwtha2FtZFoMEBh5GR2sq
142,0.923,1,0.599,6,-4.888,0.238,0.07,0.00000123,0.0951,0.667,138.024,181739,46IdjlVO3EmaMqooXZ1Hcu,"Wat U Mean (Aye, Aye, Aye)",Dae Dae,"Wat U Mean (Aye, Aye, Aye)",46IdjlVO3EmaMqooXZ1Hcu
143,0.681,1,0.608,1,-6.093,0.207,0.0477,0,0.225,0.262,97.934,200760,16bHRxM89ue0TiCKARYbRp,Sorry Not Sorry,Bryson Tiller,T R A P S O U L,16bHRxM89ue0TiCKARYbRp
144,0.94,0,0.335,5,-10.179,0.505,0.17,0,0.262,0.707,120.04,209640,5hTpBe8h35rJ67eAWHQsJx,Caroline,Aminé,Good For You,5hTpBe8h35rJ67eAWHQsJx
145,0.735,0,0.494,8,-7.607,0.115,0.0108,0.00000105,0.108,0.143,135.159,170752,4MdQkwmoI9lrUfHGD7wOzy,Nothing Is Promised (with Rihanna),Mike WiLL Made-It,Ransom 2,4MdQkwmoI9lrUfHGD7wOzy
146,0.598,1,0.496,0,-9.309,0.0804,0.0253,0.00132,0.12,0.725,128.06,202661,4STaHtfguDMkWbPEo6Fwcx,Not Nice,PARTYNEXTDOOR,PARTYNEXTDOOR 3 (P3),4STaHtfguDMkWbPEo6Fwcx
147,0.812,0,0.628,10,-6.164,0.0682,0.0634,0,0.254,0.485,123.004,207059,4ntsD33Pgsgk8rUyZLLiUV,DEVASTATED,Joey Bada$$,ALL-AMERIKKKAN BADA$$,4ntsD33Pgsgk8rUyZLLiUV
148,0.78,0,0.575,1,-5.628,0.139,0.106,0,0.129,0.273,81.502,222360,0SGkqnVQo9KPytSri1H6cF,Bounce Back,Big Sean,I Decided.,0SGkqnVQo9KPytSri1H6cF
149,0.906,0,0.444,4,-8.692,0.384,0.136,0.0000644,0.173,0.678,140.063,235040,4gmmRb6bZJffOOiww1JGTO,No Heart,21 Savage,Savage Mode,4gmmRb6bZJffOOiww1JGTO
150,0.492,1,0.698,1,-5.606,0.171,0.0524,0,0.428,0.288,139.953,209707,6HMHgBHdLBQ0QYIaOp2gse,I Don't Get Tired (#IDGT) (feat. August Alsina),Kevin Gates,Luca Brasi 2: Gangsta Grillz,6HMHgBHdLBQ0QYIaOp2gse
151,0.516,1,0.626,1,-11.402,0.705,0.48,0,0.675,0.726,209.763,237720,7bFElqzAlHXnnINRBXRQbK,Lil Bit,K CAMP,Only Way Is Up (Deluxe),7bFElqzAlHXnnINRBXRQbK
152,0.502,1,0.623,8,-8.812,0.44,0.609,0,0.119,0.399,75.578,211680,4gkl7QbQvBd3TM9PhlWFkI,Love Yourz,J. Cole,2014 Forest Hills Drive,4gkl7QbQvBd3TM9PhlWFkI
153,0.724,0,0.691,6,-5.665,0.0324,0.0172,0.0000168,0.194,0.236,126.002,217984,7rdjfrTBMNt3KaaGvSv3YG,Nothing but Trouble - Instagram Models,Lil Wayne,Nothing But Trouble (Instagram Models),7rdjfrTBMNt3KaaGvSv3YG
154,0.854,1,0.401,9,-8.553,0.395,0.118,0,0.527,0.42,139.922,287086,0FwezIaHwoxFy8IOLbF2UQ,Imma Ride,Rich Homie Quan,Rich Homie Cartel Vol 1,0FwezIaHwoxFy8IOLbF2UQ
155,0.8,1,0.543,5,-9.236,0.0911,0.564,0,0.116,0.534,133.98,293040,1HNs07uZxZniPNmniw2GTa,Apparently,J. Cole,2014 Forest Hills Drive,1HNs07uZxZniPNmniw2GTa
156,0.846,0,0.497,6,-10.174,0.419,0.146,0,0.0733,0.796,134.875,261321,07sOl7WsmCaUqaJaRn9Dss,Type of Way,Rich Homie Quan,Still Goin In - Reloaded,07sOl7WsmCaUqaJaRn9Dss
157,0.577,1,0.447,8,-5.892,0.277,0.00627,0.00022,0.0899,0.189,74.236,247800,6REbwUNlppTfcnV4d4ZoZi,Swimming Pools (Drank),Kendrick Lamar,Swimming Pools (Drank),6REbwUNlppTfcnV4d4ZoZi
158,0.67,0,0.476,9,-6.253,0.0406,0.328,0,0.104,0.235,96.975,231907,5maiP9UMnTSgoxPX8X3bdz,Na Na,Trey Songz,Trigga,5maiP9UMnTSgoxPX8X3bdz
159,0.521,1,0.762,2,-6.75,0.534,0.139,0.0000111,0.114,0.264,164.289,433800,1HDaPtZuixue2q6VGNRdVO,Pound Cake / Paris Morton Music 2,Drake,Nothing Was The Same (Deluxe),1HDaPtZuixue2q6VGNRdVO
160,0.812,1,0.621,5,-8.3,0.0515,0.244,0,0.099,0.847,77.998,128157,5uQOauh47VFt3B2kV9kRXw,My Shit,A Boogie Wit da Hoodie,Artist,5uQOauh47VFt3B2kV9kRXw
161,0.76,1,0.595,1,-6.366,0.0391,0.00544,0,0.241,0.361,131.497,263773,03tqyYWC9Um2ZqU0ZN849H,No Hands (feat. Roscoe Dash & Wale),Waka Flocka Flame,Flockaveli,03tqyYWC9Um2ZqU0ZN849H
162,0.615,0,0.648,5,-3.792,0.22,0.0411,0,0.277,0.26,169.912,223147,7iaw359G2XT14uTfV9feip,Lockjaw (feat. Kodak Black),French Montana,Lockjaw (feat. Kodak Black),7iaw359G2XT14uTfV9feip
163,0.79,1,0.621,1,-7.634,0.275,0.333,0,0.122,0.15,118.895,252040,1bzM1cd6oqFozdr4wK6HdR,Blessings,Big Sean,Dark Sky Paradise,1bzM1cd6oqFozdr4wK6HdR
164,0.596,1,0.492,1,-5.903,0.089,0.0277,0.00000145,0.08,0.546,99.107,264400,3JsPQbdGRRN6C7n8OsNTnj,Loyal (East Coast Version),Chris Brown,Loyal (East Coast Version),3JsPQbdGRRN6C7n8OsNTnj
165,0.747,0,0.524,10,-6.807,0.245,0.0306,0,0.2,0.363,140.053,213132,40oKW22ZNNkEdZLJTScaQI,Roll in Peace (feat. XXXTENTACION),Kodak Black,Project Baby 2: All Grown Up,40oKW22ZNNkEdZLJTScaQI
166,0.615,0,0.648,5,-3.792,0.22,0.0411,0,0.277,0.26,169.912,223147,7iaw359G2XT14uTfV9feip,Lockjaw (feat. Kodak Black),French Montana,Lockjaw (feat. Kodak Black),7iaw359G2XT14uTfV9feip
167,0.752,0,0.765,9,-5.805,0.0908,0.118,0,0.31,0.309,105.998,193748,3cCxoOgfi6hgt8MNteuiiD,Fade,Kanye West,The Life Of Pablo,3cCxoOgfi6hgt8MNteuiiD
168,0.704,1,0.777,2,-5.729,0.195,0.0358,0,0.151,0.392,111.921,141542,60xaS8mYBKUW4VQQ666N0T,All Night (feat. Knox Fortune),Chance the Rapper,Coloring Book,60xaS8mYBKUW4VQQ666N0T
169,0.943,1,0.528,1,-5.565,0.168,0.0119,0,0.147,0.298,120.068,319724,32a5eLrlrKiXrqb1D16CUY,No Flex Zone - Remix,Rae Sremmurd,No Flex Zone (Remix),32a5eLrlrKiXrqb1D16CUY
170,0.859,1,0.5,9,-7.628,0.347,0.042,0.000016,0.0616,0.186,83.981,194561,0rFke7eNFHbGuGJUdRgjB2,Hot Boy,Bobby Shmurda,Hot Boy,0rFke7eNFHbGuGJUdRgjB2
171,0.676,1,0.415,9,-9.752,0.508,0.0281,0,0.0915,0.146,193.206,233507,1uDjaezEbalGyGnuH80zDK,Who Do You Love?,YG,My Krazy Life (Deluxe),1uDjaezEbalGyGnuH80zDK
172,0.886,0,0.529,5,-5.766,0.0383,0.0175,0,0.0997,0.262,99.023,207784,38VErEiTizjEE6BjsmroFx,Body Language,Kid Ink,Body Language,38VErEiTizjEE6BjsmroFx
173,0.874,1,0.706,1,-5.132,0.207,0.182,0,0.334,0.895,89.968,216248,2n5gVJ9fzeX2SSWlLQuyS9,Fight Night,Migos,No Label II,2n5gVJ9fzeX2SSWlLQuyS9
174,0.713,1,0.519,7,-7.326,0.0566,0.0387,0,0.134,0.64,98.098,217800,7uc39NPTNiu86GQxTUMzGT,Show Me (feat. Chris Brown),Kid Ink,My Own Lane,7uc39NPTNiu86GQxTUMzGT
175,0.81,0,0.721,9,-4.964,0.265,0.0487,0,0.0886,0.552,101.997,270120,1hzJQIkgXwZevaKsc7iA6D,About the Money (feat. Young Thug),T.I.,About the Money (feat. Young Thug),1hzJQIkgXwZevaKsc7iA6D
176,0.564,1,0.669,1,-5.238,0.277,0.0144,0,0.0853,0.477,87.268,269693,5hmQ76WSXsot6JQV3NdaCV,Lifestyle,Rich Gang,Lifestyle,5hmQ76WSXsot6JQV3NdaCV
177,0.891,1,0.486,6,-7.803,0.159,0.0158,0.00000378,0.0925,0.239,125.01,200080,4scpF6J5uMBvoh6sFB7EL1,No Type,Rae Sremmurd,SremmLife,4scpF6J5uMBvoh6sFB7EL1
178,0.755,1,0.701,1,-3.586,0.0455,0.085,0,0.452,0.384,81.514,216653,3rsOs39rDAYxIOrDTHAgR9,Play No Games,Big Sean,Dark Sky Paradise,3rsOs39rDAYxIOrDTHAgR9
179,0.607,0,0.699,3,-7.83,0.237,0.0218,0,0.101,0.403,164.84,181200,49pLX7EgbkUjAT7IL1fmIx,Used to This (feat. Drake),Future,Used to This (feat. Drake),49pLX7EgbkUjAT7IL1fmIx
180,0.886,0,0.511,1,-4.691,0.0972,0.531,0.0501,0.112,0.261,127.898,173840,0xrdZMsJIaxoTHAB4bvGnu,Pass Dat,Jeremih,Late Nights: The Album,0xrdZMsJIaxoTHAB4bvGnu
181,0.505,1,0.661,8,-5.176,0.271,0.19,0,0.0991,0.341,120.016,244529,3W94qMEGnNKVhzKbrEOWqm,March Madness,DJ ESCO,56 Nights,3W94qMEGnNKVhzKbrEOWqm
182,0.747,1,0.696,1,-7.463,0.432,0.141,0,0.125,0.294,143.933,188333,1Kym30HhxluYlqAxyu1QqQ,Trophies,Young Money,Trophies,1Kym30HhxluYlqAxyu1QqQ
183,0.645,0,0.606,10,-8.074,0.512,0.292,0,0.129,0.121,118.8,301960,4UaWrzY75h1tAvlxa4NKP9,Blessings - Extended Version,Big Sean,Blessings (Extended Version),4UaWrzY75h1tAvlxa4NKP9
184,0.813,1,0.58,11,-6.724,0.0746,0.0405,0.00000845,0.349,0.443,100.045,221972,0wy44jzofTRXBPwjl7KtBP,"Touchin, Lovin (feat. Nicki Minaj)",Trey Songz,Trigga (Deluxe),0wy44jzofTRXBPwjl7KtBP
185,0.77,1,0.664,0,-5.604,0.211,0.215,0.000118,0.105,0.472,140.163,321987,2znzyzlAUc8Z1Ikq9aFOcx,Tuesday (feat. Drake),ILOVEMAKONNEN,Tuesday (feat. Drake),2znzyzlAUc8Z1Ikq9aFOcx
186,0.927,0,0.535,6,-7.59,0.0911,0.0855,0,0.136,0.336,112.96,313573,2yJ9GVCLMmzBBfQAnfzlwr,THat Part,ScHoolboy Q,Blank Face LP,2yJ9GVCLMmzBBfQAnfzlwr
187,0.791,0,0.634,1,-7.684,0.0639,0.00243,0.0000543,0.0812,0.323,152.961,259072,5w1vhNA2OEWUQ371QzyMmM,Down In the DM (feat. Nicki Minaj) - Remix,Yo Gotti,The Art of Hustle (Deluxe),5w1vhNA2OEWUQ371QzyMmM
188,0.71,0,0.404,1,-10.04,0.379,0.484,0,0.0953,0.398,139.553,165853,3pndPhlQWjuSoXhcIIdBjv,What They Want,Russ,There's Really A Wolf,3pndPhlQWjuSoXhcIIdBjv
189,0.804,1,0.886,1,-2.512,0.04,0.0837,0,0.266,0.789,144.946,238587,0pSBuHjILhNEo55xK1zrRt,Rolex,Ayo & Teo,Rolex,0pSBuHjILhNEo55xK1zrRt
190,0.497,0,0.489,11,-7.724,0.294,0.0576,0.0000991,0.122,0.231,171.853,268187,4Q3N4Ct4zCuIHuZ65E3BD4,Tunnel Vision,Kodak Black,Painting Pictures,4Q3N4Ct4zCuIHuZ65E3BD4
191,0.83,1,0.5,1,-6.597,0.0725,0.0889,0.000349,0.277,0.0491,140.009,223074,5NuhZIx47GxB5DAXg8jWHN,Addicted to My Ex,M City JR,Addicted To My Ex,5NuhZIx47GxB5DAXg8jWHN
192,0.706,0,0.572,8,-5.799,0.0326,0.0262,0,0.585,0.574,139.982,214726,7seTcUFOhn5caSDbiSfsp0,She Knows,Ne-Yo,Non-Fiction (Deluxe),7seTcUFOhn5caSDbiSfsp0
193,0.637,0,0.579,10,-5.361,0.0574,0.174,0.00000496,0.116,0.416,176.05,189640,1jo4C0jgL742GSbqCHXRxF,U Don't Know,Justine Skye,ULTRAVIOLET,1jo4C0jgL742GSbqCHXRxF
194,0.717,0,0.523,10,-6.506,0.0611,0.0799,0,0.206,0.282,127.047,228613,1CDBn2Lm7E63XKQDsdCq6O,No Limit (feat. Young Thug),Usher,Hard II Love,1CDBn2Lm7E63XKQDsdCq6O
195,0.833,1,0.638,1,-9.119,0.0441,0.0392,0.00000483,0.173,0.399,100.01,215987,7LWtfSW68VAkHp3hpcFDCY,24 Hours (feat. 2 Chainz),TeeFLii,24 Hours (feat. 2 Chainz),7LWtfSW68VAkHp3hpcFDCY
196,0.713,1,0.462,7,-10.027,0.123,0.192,0.00000216,0.105,0.0594,133.053,212947,5mPSyjLatqB00IkPqRlbTE,Pop Style,Drake,Views,5mPSyjLatqB00IkPqRlbTE
197,0.49,1,0.401,0,-11.929,0.415,0.724,0,0.526,0.549,78.672,221107,2JCY7F0JFw5AgZYeC3CHtS,Hold Up,Beyoncé,Lemonade,2JCY7F0JFw5AgZYeC3CHtS
198,0.785,1,0.598,2,-7.249,0.0475,0.00154,0.00000873,0.249,0.388,130.001,232427,3d2bgsrJg8Blzg24ZsxGuW,Sorry,Beyoncé,Lemonade,3d2bgsrJg8Blzg24ZsxGuW
199,0.733,1,0.611,1,-6.859,0.456,0.00463,0,0.195,0.81,61.145,206080,6BOh92QF6cAvNjH9SRYJxL,Formation,Beyoncé,Lemonade,6BOh92QF6cAvNjH9SRYJxL
200,0.793,0,0.505,6,-7.061,0.138,0.204,0,0.0413,0.704,97.998,201336,1hlwA8qvXx0Bl6iYuDbIuD,I'm Up (feat. Kid Ink & French Montana),Omarion,I'm Up (feat. Kid Ink & French Montana),1hlwA8qvXx0Bl6iYuDbIuD
201,0.687,0,0.829,3,-4.204,0.26,0.0124,0,0.107,0.154,133.854,188069,5tkDCf3xKRZjT5RbCb3sZB,Big Amount,2 Chainz,Pretty Girls Like Trap Music,5tkDCf3xKRZjT5RbCb3sZB
202,0.526,0,0.655,1,-4.208,0.326,0.0566,0,0.116,0.156,121.127,267212,11BIoKDpTJHX5mZt6p566h,New Level (feat. Future),A$AP Ferg,New Level (feat. Future),11BIoKDpTJHX5mZt6p566h
203,0.477,0,0.647,3,-4.657,0.343,0.0872,0,0.119,0.549,109.879,252307,3CBjt0dsLlaz9h2OodDYAW,"Wishing (feat. Chris Brown, Skeme & Lyquin)",DJ Drama,"Wishing (feat. Chris Brown, Skeme & Lyquin)",3CBjt0dsLlaz9h2OodDYAW
204,0.841,1,0.611,10,-3.943,0.175,0.0568,0,0.47,0.391,137.048,217226,20n5AhSbetBMt6Xbrm4fa7,Look At My Dab,Migos,Look At My Dab,20n5AhSbetBMt6Xbrm4fa7
205,0.8,0,0.297,0,-13.1,0.407,0.66,0.000111,0.105,0.213,140.051,139674,6HEIBHUirx1J0JkUD24szt,Water,Ugly God,Water,6HEIBHUirx1J0JkUD24szt
206,0.806,0,0.77,1,-6.464,0.19,0.0252,0,0.0645,0.406,152.094,198110,0bXFIF7iL17TYLyx8JHziM,Patty Cake,Kodak Black,Painting Pictures,0bXFIF7iL17TYLyx8JHziM
207,0.568,1,0.535,4,-9.306,0.513,0.217,0,0.114,0.326,83.589,167653,4kdfjhj9xNkYU0R8xlDy8k,6 Man,Drake,If You're Reading This It's Too Late,4kdfjhj9xNkYU0R8xlDy8k
208,0.859,0,0.625,6,-7.916,0.125,0.0363,0.000106,0.1,0.592,142.068,260453,2BgnOi3YbYtJzDKv48rekK,Throw Sum Mo,Rae Sremmurd,Throw Sum Mo,2BgnOi3YbYtJzDKv48rekK
209,0.897,1,0.639,2,-8.708,0.0508,0.025,0.00000237,0.152,0.306,127.987,286145,3nW6HqoWdzpdz2oAzkHEoV,Blasé (feat. Future & Rae Sremmurd),Ty Dolla $ign,Blasé (feat. Future & Rae Sremmurd),3nW6HqoWdzpdz2oAzkHEoV
210,0.916,1,0.301,2,-7.657,0.237,0.117,0,0.089,0.351,100.518,190595,3lSR267IJfT54p0Gfuw7mi,Right Hand,Drake,Right Hand,3lSR267IJfT54p0Gfuw7mi
211,0.788,1,0.575,9,-5.731,0.109,0.0266,0,0.301,0.242,128.185,204027,3XxQq8fbI4dRs4zWuR23hG,Moolah,Young Greatness,Moolah,3XxQq8fbI4dRs4zWuR23hG
212,0.669,1,0.521,7,-8.732,0.0366,0.236,0,0.0802,0.327,130.071,255173,2N0NifjyXAdMOB4KBGvBJ6,White Iverson,Post Malone,White Iverson,2N0NifjyXAdMOB4KBGvBJ6
213,0.835,0,0.457,4,-7.455,0.204,0.138,0.00000196,0.109,0.544,99.99,211274,2f9LSU0aBW04w6KL26DW8r,Come Closer (feat. Drake),WizKid,Come Closer (feat. Drake),2f9LSU0aBW04w6KL26DW8r
214,0.776,1,0.724,7,-4.874,0.216,0.455,0,0.109,0.677,74.987,227779,3CLd7BfvgsBwBUI8kwFLU6,iSpy (feat. Kodak Black),KYLE,iSpy (feat. Kodak Black),3CLd7BfvgsBwBUI8kwFLU6
215,0.875,1,0.673,7,-4.184,0.0932,0.135,0,0.292,0.231,130,222600,376KnY4TrgBITxjlnbnmIy,Cut It (feat. Young Dolph),O.T. Genasis,Cut It (feat. Young Dolph),376KnY4TrgBITxjlnbnmIy
216,0.689,1,0.564,2,-6.226,0.136,0.187,0,0.0721,0.123,185.023,212947,1Ser4X0TKttOvo8bgdytTP,Come Get Her,Rae Sremmurd,SremmLife,1Ser4X0TKttOvo8bgdytTP
217,0.795,0,0.568,5,-7.817,0.142,0.0541,0,0.108,0.478,136.173,198944,0B8QzDH7YWih85V5SEMnyJ,Money Longer,Lil Uzi Vert,Lil Uzi Vert vs. The World,0B8QzDH7YWih85V5SEMnyJ
218,0.856,1,0.527,2,-5.225,0.0997,0.392,0,0.11,0.386,98.052,266840,0Dc7J9VPV4eOInoxUiZrsL,Don't Tell 'Em,Jeremih,Late Nights: The Album,0Dc7J9VPV4eOInoxUiZrsL
219,0.841,1,0.733,1,-5.077,0.142,0.0246,0,0.174,0.284,130.009,283693,7xVLFuuYdAvcTfcP3IG3dS,"Work REMIX (feat. A$AP Rocky, French Montana, Trinidad James & ScHoolboy Q)",A$AP Ferg,Trap Lord,7xVLFuuYdAvcTfcP3IG3dS
220,0.758,1,0.646,7,-4.701,0.112,0.128,0,0.0778,0.589,155.955,197171,4PzovBqgnSHKd8opsP7IVM,Everyday We Lit (feat. PnB Rock),YFN Lucci,Long Live Nut,4PzovBqgnSHKd8opsP7IVM
221,0.554,1,0.481,0,-9.823,0.329,0.0139,0,0.0787,0.456,191.991,236867,2Fe6gDE0mCZz0g98i5QpVL,MY PYT,Wale,Shine,2Fe6gDE0mCZz0g98i5QpVL
222,0.835,1,0.413,1,-9.81,0.396,0.373,0.00133,0.101,0.111,149.004,258880,6fwdbPMwP1zVStm8FybmkO,X (feat. Future),21 Savage,Savage Mode,6fwdbPMwP1zVStm8FybmkO
223,0.669,1,0.534,1,-7.479,0.0643,0.174,0,0.184,0.666,135.056,259507,22BwaoGHQOTfFhHTndm7DQ,I Know (feat. Rich Homie Quan),Yo Gotti,I Am,22BwaoGHQOTfFhHTndm7DQ
224,0.464,1,0.771,8,-4.503,0.336,0.0235,0,0.063,0.69,158.777,198237,27PmvZoffODNFW2p7ehZTQ,Don't Mind,Kent Jones,Don't Mind,27PmvZoffODNFW2p7ehZTQ
225,0.546,0,0.529,11,-10.511,0.0583,0.0862,0.0000065,0.124,0.247,107.331,237787,2Gyc6e2cLxA5hoX1NOvYnU,Say It,Tory Lanez,I Told You,2Gyc6e2cLxA5hoX1NOvYnU
226,0.647,1,0.673,5,-5.992,0.176,0.172,0,0.223,0.527,179.971,224000,6BOtDFg6GJm0rPUDuNmx57,Wake Up,Fetty Wap,Wake Up,6BOtDFg6GJm0rPUDuNmx57
227,0.797,0,0.694,10,-4.469,0.2,0.114,0,0.294,0.865,116.128,265013,6Dy6L7C0OJQnoz40AfaFZO,"How Many Times (feat. Chris Brown, Lil Wayne & Big Sean)",DJ Khaled,I Changed A Lot (Deluxe),6Dy6L7C0OJQnoz40AfaFZO
228,0.951,1,0.483,6,-5.592,0.3,0.0681,0.00000167,0.0727,0.595,125.049,222733,0lvqb6Rsn62dWjTllywVnl,Flicka Da Wrist,Chedda Da Connect,"Chedda World ""The Album""",0lvqb6Rsn62dWjTllywVnl
229,0.686,0,0.342,5,-8.555,0.0447,0.0212,0,0.111,0.429,104.995,224907,5u7o3wXWJI7AN1b9KIf3m8,Liquor,Chris Brown,Royalty (Deluxe Version),5u7o3wXWJI7AN1b9KIf3m8
230,0.779,1,0.472,11,-7.116,0.218,0.0577,0,0.114,0.412,135.051,142212,0PT7nlpo11hYYyfnBgtilT,Nasty Freestyle,T-Wayne,Nasty Freestyle,0PT7nlpo11hYYyfnBgtilT
231,0.688,1,0.556,6,-7.738,0.264,0.7,0.00000187,0.108,0.416,129.336,240320,08zJpaUQVi9FrKv2e32Bah,Planez,Jeremih,Late Nights: The Album,08zJpaUQVi9FrKv2e32Bah
232,0.699,0,0.67,6,-6.93,0.0788,0.304,0,0.116,0.524,115.063,202435,16ekOnp3eflAQecqNGtWjT,Kickin’ Back,Mila J,213,16ekOnp3eflAQecqNGtWjT
233,0.85,0,0.482,10,-9.045,0.132,0.264,0.00000136,0.111,0.223,91.973,337680,2W2fyQFQxkLXx5YDMZwSt1,Believe Me,Lil Wayne,Believe Me,2W2fyQFQxkLXx5YDMZwSt1
234,0.716,1,0.829,7,-4.866,0.118,0.132,0,0.339,0.509,106.021,207520,4JNFp8hvOU9QfD6achbCMl,Seen It All,Jeezy,Seen It All: The Autobiography (Deluxe),4JNFp8hvOU9QfD6achbCMl
235,0.89,0,0.393,4,-10.821,0.267,0.331,0.00000881,0.283,0.304,128.084,301133,16qYlQ6koFxYVbiJbGHblz,G.O.M.D.,J. Cole,2014 Forest Hills Drive,16qYlQ6koFxYVbiJbGHblz
236,0.536,0,0.721,10,-6.44,0.386,0.062,0,0.824,0.393,117.139,191942,61QSuw5VlC0LTS8WMO356g,All The Way Up,Fat Joe,All The Way Up (feat. French Montana & Infared) - Single,61QSuw5VlC0LTS8WMO356g
237,0.842,0,0.498,1,-6.838,0.505,0.0747,0,0.123,0.32,150.933,179507,4qdgv45EPcQqpQ08tF34f8,Skateboard P,MadeinTYO,"Thank You, Mr. Tokyo",4qdgv45EPcQqpQ08tF34f8
238,0.776,0,0.662,1,-7.016,0.0489,0.00157,0.000021,0.0887,0.324,152.927,182733,1LxKKYsJNPeBdOwdudsJzv,Down In the DM,Yo Gotti,The Art of Hustle (Deluxe),1LxKKYsJNPeBdOwdudsJzv
239,0.893,0,0.646,11,-5.073,0.1,0.112,0,0.104,0.468,132.97,176855,7s49Um7G06hq2rulrHPsIy,Jimmy Choo,Fetty Wap,Jimmy Choo,7s49Um7G06hq2rulrHPsIy
240,0.881,0,0.496,1,-6.897,0.0592,0.0105,0.00168,0.315,0.216,130.965,223733,3eaZlarqKQ4oAceRwJHfF5,By Chance,Rae Sremmurd,SremmLife 2 (Deluxe),3eaZlarqKQ4oAceRwJHfF5
241,0.691,0,0.492,4,-10.815,0.196,0.405,0,0.0955,0.54,92.019,187826,0cyDtn3bMS1XoTp6Lcef1d,Walk Thru (feat. Problem),Rich Homie Quan,I Promise I Will Never Stop Going In (Deluxe Edition),0cyDtn3bMS1XoTp6Lcef1d
242,0.837,1,0.762,2,-4.073,0.0508,0.000644,0,0.113,0.334,142.009,172467,3bkcmsP2pcRAczoFtWqntt,She Twerkin,Ca$h Out,Let's Get It,3bkcmsP2pcRAczoFtWqntt
243,0.886,1,0.628,8,-5.949,0.131,0.00215,0.0000115,0.31,0.178,119.906,239574,2JI71GHwq2LN8mtq3iCLYo,CoCo,O.T. Genasis,CoCo,2JI71GHwq2LN8mtq3iCLYo
244,0.718,1,0.715,0,-1.763,0.0632,0.669,0,0.103,0.743,140.045,193750,1mtkMjhjMWrHMWEDHRLMtb,Level Up,Young Pwavy,Level Up,1mtkMjhjMWrHMWEDHRLMtb
245,0.804,0,0.66,10,-4.86,0.0726,0.0319,0,0.103,0.257,94.053,169345,1WIZiOuNO3woKfdlSK2gNn,Transportin',Kodak Black,Project Baby 2: All Grown Up,1WIZiOuNO3woKfdlSK2gNn
246,0.678,0,0.484,1,-6.647,0.43,0.735,0,0.117,0.219,190.04,202320,3qQ6WFhcAx6LOH1UHz1c0U,Hookah,Tyga,Hookah,3qQ6WFhcAx6LOH1UHz1c0U
247,0.869,1,0.626,11,-4.832,0.126,0.0754,0,0.0776,0.316,131.075,340480,7GEidxhfGNteiW9n0kLyxH,"Move That Dope (feat. Pharrell, Pusha T & Casino)",Future,Honest,7GEidxhfGNteiW9n0kLyxH
248,0.748,0,0.733,11,-4.421,0.072,0.0062,0,0.329,0.291,93.019,312240,3ESSGgWzRf1xvP7G5hHMhB,Again,Fetty Wap,Fetty Wap (Deluxe),3ESSGgWzRf1xvP7G5hHMhB
249,0.969,1,0.491,2,-9.859,0.233,0.0361,0,0.118,0.768,126.048,198095,252gJUec2oDsGBPcxZs4nX,Walked In,Bankroll Fresh,Life Of A Hot Boy 2 : Real Trapper,252gJUec2oDsGBPcxZs4nX
250,0.781,1,0.495,1,-7.449,0.0432,0.0957,0,0.0778,0.195,95.466,202213,0SqUFLaRXwufRUsJ0t4dXB,No Mediocre (feat. Iggy Azalea),T.I.,Paperwork (Deluxe Explicit),0SqUFLaRXwufRUsJ0t4dXB
251,0.868,0,0.444,7,-7.122,0.301,0.059,0,0.0727,0.395,159.973,153347,0I6wh8pETh9PS7dVTzykQd,Ran off on Da Plug Twice,Plies,Ran off on Da Plug Twice,0I6wh8pETh9PS7dVTzykQd
252,0.585,0,0.564,0,-7.063,0.0515,0.0671,0,0.135,0.137,113.003,242253,7fBv7CLKzipRk6EC6TWHOB,The Hills,The Weeknd,Beauty Behind The Madness,7fBv7CLKzipRk6EC6TWHOB
253,0.673,0,0.464,10,-6.864,0.201,0.0933,0,0.21,0.762,171.043,235600,02pf9lLM8Nb8l4u4ts1GWb,My Nigga,YG,My Krazy Life (Deluxe),02pf9lLM8Nb8l4u4ts1GWb
254,0.785,1,0.413,4,-11.84,0.151,0.0946,0,0.126,0.455,87.529,215573,4immekPm8Har57BB9DcDSj,1Hunnid,K CAMP,Only Way Is Up (Deluxe),4immekPm8Har57BB9DcDSj
255,0.714,1,0.563,1,-7.574,0.0723,0.0266,0,0.0776,0.31,100.091,241853,1ID1QFSNNxi0hiZCNcwjUC,Legend,Drake,If You're Reading This It's Too Late,1ID1QFSNNxi0hiZCNcwjUC
256,0.902,1,0.67,10,-4.074,0.19,0.167,0,0.107,0.39,144.07,186672,6ZA3Q8Dj5BrnmOsT300DCh,Ice Cream Man,Tyga,Fuk Wat They Talkin Bout,6ZA3Q8Dj5BrnmOsT300DCh
257,0.672,0,0.704,11,-6.628,0.165,0.111,0,0.115,0.188,100.986,232765,5URYXSFGks9Q8eYePlgVdL,FOR MY PEOPLE,Joey Bada$$,ALL-AMERIKKKAN BADA$$,5URYXSFGks9Q8eYePlgVdL
258,0.705,0,0.769,9,-5.526,0.0425,0.113,0,0.105,0.583,107.949,213520,22VdIZQfgXJea34mQxlt81,Can't Feel My Face,The Weeknd,Beauty Behind The Madness,22VdIZQfgXJea34mQxlt81
259,0.688,1,0.904,1,-2.234,0.106,0.0229,0,0.0909,0.71,127.887,212427,0UAmPUdpTRq8w54B3H8TzY,Ain't Worried About Nothin,French Montana,Excuse My French (Deluxe),0UAmPUdpTRq8w54B3H8TzY
260,0.56,0,0.81,0,-8.029,0.0872,0.0071,0.00000793,0.241,0.247,170.044,217573,2CY92qejUrhyPUASawNVRr,Try Me,DeJ Loaf,Try Me,2CY92qejUrhyPUASawNVRr
261,0.902,1,0.743,0,-3.495,0.284,0.103,0.00000553,0.0956,0.626,135.951,212712,3SnLc0bQjQeE3HgGdNfb8u,Hannah Montana,Migos,Young Rich N*ggas,3SnLc0bQjQeE3HgGdNfb8u
262,0.734,1,0.892,2,-1.856,0.125,0.0648,0,0.58,0.605,138.031,303533,3Jv1XgMPVjdN5xGfnRJ20s,Pop That,French Montana,Excuse My French,3Jv1XgMPVjdN5xGfnRJ20s
263,0.919,1,0.506,1,-7.14,0.304,0.132,0,0.0771,0.273,97.465,220240,2LvRR121MWFmmEGkuV2vQP,HeadBand (feat. 2 Chainz),B.o.B,Underground Luxury,2LvRR121MWFmmEGkuV2vQP
264,0.775,1,0.496,10,-5.652,0.0354,0.0393,0,0.526,0.204,95.072,197813,2asIUjALYhUbH8hvLUhDWo,Main Chick (feat. Chris Brown),Kid Ink,My Own Lane (Expanded Edition),2asIUjALYhUbH8hvLUhDWo
265,0.936,1,0.702,10,-5.305,0.0615,0.0473,0,0.0838,0.704,97.524,207040,6J5sxraPPZ4b0CVOGAgpXj,I'm Different,2 Chainz,Based On A T.R.U. Story (Deluxe),6J5sxraPPZ4b0CVOGAgpXj
266,0.736,0,0.604,1,-7.357,0.222,0.0652,0.0000643,0.124,0.574,155.007,264532,4DTpngLjoHj5gFxEZFeD3J,Codeine Dreaming (feat. Lil Wayne),Kodak Black,Project Baby 2: All Grown Up (Deluxe Edition),4DTpngLjoHj5gFxEZFeD3J
267,0.461,0,0.812,10,-5.776,0.241,0.0184,0.000375,0.21,0.72,159.869,193902,2of5xn0GU0TdFneR1saRLH,To the Max (feat. Drake),DJ Khaled,Grateful,2of5xn0GU0TdFneR1saRLH
268,0.876,0,0.675,3,-3.28,0.146,0.421,0.00000116,0.0667,0.606,135.959,240000,1jROHCeEzDr6VnV8EnBnik,Stoner,Young Thug,Stoner,1jROHCeEzDr6VnV8EnBnik
269,0.6,1,0.592,1,-4.947,0.0545,0.0191,0,0.0955,0.0663,130.205,269267,0uFvvXbmGIXlf5ZgtHyYpf,Bugatti,Ace Hood,Trials & Tribulations,0uFvvXbmGIXlf5ZgtHyYpf
270,0.611,0,0.464,10,-8.068,0.294,0.0171,0.214,0.0794,0.274,127.766,243413,3PBC860LAeS4utDAqlqIe2,F*ckwithmeyouknowigotit,JAY-Z,Magna Carta... Holy Grail,3PBC860LAeS4utDAqlqIe2
271,0.78,1,0.759,7,-5.046,0.267,0.201,0,0.276,0.767,117.03,213333,2ctl2YVjBnxDO3OMf1Haay,Beef,Ethereal,Beef,2ctl2YVjBnxDO3OMf1Haay
272,0.83,0,0.577,4,-5.156,0.256,0.0178,0.0000815,0.0436,0.63,92.973,179653,3oCJJksC12uFxkt3RQ7rbV,The Light,MihTy,The Light,3oCJJksC12uFxkt3RQ7rbV
273,0.825,1,0.575,11,-4.87,0.0633,0.025,0.00000994,0.205,0.65,153.954,299960,0zO8ctW0UiuOefR87OeJOZ,Collard Greens,ScHoolboy Q,Oxymoron (Deluxe),0zO8ctW0UiuOefR87OeJOZ
274,0.971,1,0.621,11,-5.447,0.237,0.143,0.00000322,0.108,0.445,128.053,172609,448hNuS6TH90bjpIHIJqH3,Push It,O.T. Genasis,Push It,448hNuS6TH90bjpIHIJqH3
275,0.59,0,0.468,10,-11.083,0.185,0.0789,0,0.101,0.349,92.287,245227,3O8NlPh2LByMU9lSRSHedm,Controlla,Drake,Views,3O8NlPh2LByMU9lSRSHedm
276,0.603,1,0.725,6,-3.054,0.0393,0.174,0,0.0786,0.304,122.803,239853,3NJG6vMH1ZsectZkocMEm0,Tiimmy Turner,Desiigner,Tiimmy Turner,3NJG6vMH1ZsectZkocMEm0
277,0.83,1,0.33,4,-9.156,0.0485,0.0544,0,0.119,0.0744,121.973,251861,2LX9coJz8pfFHb8AaoVhXS,Or Nah (feat. Wiz Khalifa & DJ Mustard),Ty Dolla $ign,Or Nah (feat. Wiz Khalifa & DJ Mustard),2LX9coJz8pfFHb8AaoVhXS
278,0.594,1,0.46,1,-7.607,0.382,0.00354,0.0000271,0.147,0.0541,146.274,202451,17Q87zeXgsAi9iQQbMu9v0,Summer Sixteen,Drake,Summer Sixteen,17Q87zeXgsAi9iQQbMu9v0
279,0.511,1,0.491,11,-8.322,0.207,0.105,0,0.114,0.711,103.961,188721,1lAgtcp1KQRQS10m2yCgvm,Wavy (feat. Joe Moses),Ty Dolla $ign,Wavy (feat. Joe Moses),1lAgtcp1KQRQS10m2yCgvm
280,0.58,0,0.532,1,-5.668,0.0424,0.294,0,0.0948,0.39,112.049,206400,6WAxKNbZoGNzQTIvdMqkFs,Sex With Me,Rihanna,ANTI (Deluxe),6WAxKNbZoGNzQTIvdMqkFs
281,0.717,1,0.862,8,-4.736,0.054,0.00689,0,0.321,0.52,130.021,224933,1ULa3GfdMKs0MfRpm6xVlu,We Dem Boyz,Wiz Khalifa,Blacc Hollywood (Deluxe),1ULa3GfdMKs0MfRpm6xVlu
282,0.863,1,0.771,7,-2.77,0.19,0.00954,0,0.288,0.812,95.029,234733,1YrHyDbH17btvI2rFTkbCQ,Bitch Please,Snoop Dogg,The Best Of Snoop Dogg,1YrHyDbH17btvI2rFTkbCQ
283,0.862,0,0.648,4,-7.401,0.251,0.0455,0,0.0332,0.637,98.012,235533,6mZcNu9i8uhOYMiEAyEx81,How We Do,The Game,The Documentary,6mZcNu9i8uhOYMiEAyEx81
284,0.76,1,0.595,1,-6.366,0.0391,0.00544,0,0.241,0.361,131.497,263773,6GgPsuz0HEO0nrO2T0QhDv,No Hands (feat. Roscoe Dash & Wale),Waka Flocka Flame,No Hands (feat. Roscoe Dash & Wale),6GgPsuz0HEO0nrO2T0QhDv
285,0.582,0,0.737,1,-3.477,0.0356,0.0253,0.0000804,0.181,0.122,91.914,357653,1yhQGEykn7ZTNLwcIjOAwZ,Gorgeous,Kanye West,My Beautiful Dark Twisted Fantasy,1yhQGEykn7ZTNLwcIjOAwZ
286,0.478,0,0.955,6,-0.905,0.38,0.00782,0,0.0599,0.505,87.522,235467,4HsL5A46wa0O2jQ0ngj3H7,99 Problems,JAY-Z,The Hits Collection Volume One [International Version (Explicit)],4HsL5A46wa0O2jQ0ngj3H7
287,0.494,0,0.943,5,-3.704,0.363,0.156,0,0.335,0.797,185.982,287427,0LvwrCJtecLr9mnS0h0k7U,Where The Hood At,DMX,The Best Of DMX,0LvwrCJtecLr9mnS0h0k7U
288,0.925,1,0.737,8,-1.292,0.0777,0.092,0,0.169,0.603,133.946,222240,0Zh5U48tZNeAzzLTV1CVBE,Forgot About Dre,Dr. Dre,2001 (Explicit Version),0Zh5U48tZNeAzzLTV1CVBE
289,0.796,1,0.782,9,-4.805,0.21,0.146,0,0.13,0.418,99.978,207440,6gQaf0ANLks2uWl2AHhU26,Hate It Or Love It,The Game,Hate It Or Love It,6gQaf0ANLks2uWl2AHhU26
290,0.799,1,0.916,1,-3.344,0.471,0.11,0,0.0746,0.697,126.687,247427,6H7w7e8zC8QYJyqe7fZHVa,Lean Back,Terror Squad,True Story,6H7w7e8zC8QYJyqe7fZHVa
291,0.727,1,0.71,4,-6.142,0.0742,0.0104,0,0.107,0.378,81.995,287480,26EFsr6FP5b2Y2aGvn0SCd,I Tried,Bone Thugs-N-Harmony,Strength & Loyalty,26EFsr6FP5b2Y2aGvn0SCd
292,0.886,0,0.626,11,-2.528,0.277,0.265,0,0.024,0.856,93.989,196627,6mcu7D7QuABVwUGDwovOEh,If I Can't,50 Cent,Get Rich Or Die Tryin',6mcu7D7QuABVwUGDwovOEh
293,0.754,0,0.717,11,-3.802,0.233,0.0227,0,0.0665,0.718,149.277,253107,185wFmHycj2zqxOtlga2k6,Make It Rain - Feat. Lil Wayne,Fat Joe,Make It Rain,185wFmHycj2zqxOtlga2k6
294,0.912,1,0.553,1,-4.716,0.205,0.188,0,0.102,0.62,91.991,270467,4Tyv7nnNTHC6mR1pTubIrw,Drop It Like It's Hot,Snoop Dogg,Drop It Like It's Hot (International Version),4Tyv7nnNTHC6mR1pTubIrw
295,0.741,1,0.849,8,-4.407,0.242,0.021,0.00449,0.104,0.485,85.96,226520,7uE5g6xnf80YRfavpReowD,Smoke Some Weed,Ice Cube,"Laugh Now, Cry Later",7uE5g6xnf80YRfavpReowD
296,0.667,1,0.747,1,-7.059,0.189,0.337,0,0.115,0.918,86.917,203493,1inwRCAEYHy6e7J0y1nnHx,Homecoming,Kanye West,Graduation (Alternative Business Partners),1inwRCAEYHy6e7J0y1nnHx
297,0.843,0,0.806,4,-5.946,0.269,0.143,0,0.0771,0.613,94.948,270507,0I3q5fE6wg7LIfHGngUTnV,Ms. Jackson,Outkast,Stankonia,0I3q5fE6wg7LIfHGngUTnV
298,0.753,1,0.668,1,-4.927,0.228,0.135,0,0.141,0.696,94.984,257747,1buaFJQO7Hze2c2OvfLEJg,The Manual,Ja Rule,R.U.L.E.,1buaFJQO7Hze2c2OvfLEJg
299,0.826,0,0.79,4,-7.555,0.242,0.463,0.00251,0.0614,0.739,83.014,231667,2QbMbzEo18oUOD7GF95lWW,Break Ya Neck,Various Artists,R'n'B Allstars,2QbMbzEo18oUOD7GF95lWW
300,0.653,0,0.826,6,-2.93,0.354,0.0153,0.00146,0.131,0.416,108.52,256227,2I9foKseoFQh07p6sD2voE,Many Men (Wish Death),50 Cent,Get Rich Or Die Tryin',2I9foKseoFQh07p6sD2voE
301,0.74,0,0.841,6,-2.891,0.237,0.0232,0,0.111,0.673,83.007,248627,5mEwhCsqadBZIE7SSrv1gC,Down And Out,Cam’ron,Purple Haze,5mEwhCsqadBZIE7SSrv1gC
302,0.564,0,0.773,6,-6.568,0.115,0.0526,0,0.328,0.588,151.975,329813,38wGGpDFVor3ozb3eaJMnj,My President,Jeezy,The Recession,38wGGpDFVor3ozb3eaJMnj
303,0.869,1,0.666,1,-7.102,0.208,0.0752,0,0.621,0.467,100.013,215573,1U90lN66HMHdsAGqMR6QLM,1800,Snoop Dogg,Malice 'N Wonderland,1U90lN66HMHdsAGqMR6QLM
304,0.668,1,0.787,1,-4.226,0.0418,0.109,0,0.21,0.481,100.065,204960,4Q36wbhCO1X06hqEwzooBo,Speedin',Rick Ross,Trilla,4Q36wbhCO1X06hqEwzooBo
305,0.625,1,0.792,11,-3.059,0.233,0.00838,0,0.436,0.347,175.973,237240,5hwbPwAoY2BDm0XBtGAx0H,Out Here Grindin',DJ Khaled,We Global,5hwbPwAoY2BDm0XBtGAx0H
306,0.373,1,0.897,2,-3.187,0.389,0.0997,0,0.371,0.282,175.969,230013,6KUGw38g1qbc7VxBn2PCoU,Red Nation,The Game,Red Nation (Explicit Version),6KUGw38g1qbc7VxBn2PCoU
307,0.866,0,0.63,9,-4.795,0.172,0.0199,0,0.036,0.75,82.044,257640,6Gik13pCV7FNysMG8p3EDj,That's That Shit,Snoop Dogg,Tha Blue Carpet Treatment,6Gik13pCV7FNysMG8p3EDj
308,0.476,0,0.81,4,-3.414,0.265,0.0803,0,0.568,0.642,83.309,228827,23kyUPJdiHQwmAH4NfCGvf,Martians Vs Goblins,The Game,The R.E.D. Album,23kyUPJdiHQwmAH4NfCGvf
309,0.795,1,0.789,1,-4.661,0.117,0.156,0.0000028,0.0793,0.597,94.218,263707,25Ril0FCw9THikD42bdOI7,Get It On The Floor,DMX,The Best Of DMX,25Ril0FCw9THikD42bdOI7
310,0.777,1,0.764,1,-5.682,0.14,0.243,0,0.103,0.174,177.868,270867,77dC7dKzMm65Y9jkJs0Ssd,Move Bitch,Ludacris,Word Of Mouf,77dC7dKzMm65Y9jkJs0Ssd
311,0.542,0,0.914,0,-4.747,0.113,0.0161,0,0.744,0.576,153.993,292093,2gZUPNdnz5Y45eiGxpHGSc,POWER,Kanye West,My Beautiful Dark Twisted Fantasy,2gZUPNdnz5Y45eiGxpHGSc
312,0.548,1,0.847,1,-3.237,0.186,0.0622,0,0.0816,0.1,171.447,297787,4xkOaSrkexMciUUogZKVTS,'Till I Collapse,Eminem,The Eminem Show,4xkOaSrkexMciUUogZKVTS
313,0.731,0,0.624,6,-5.761,0.311,0.045,0.0000337,0.305,0.528,140.131,326347,3U8Ev1gISsx6O1uwpsttOD,Mercy.1,Various Artists,Kanye West Presents Good Music Cruel Summer,3U8Ev1gISsx6O1uwpsttOD
314,0.492,0,0.902,8,-2.715,0.308,0.105,0,0.877,0.591,161.219,261040,646iHsrMsAeI48Z2qU8WKf,House Party (feat. Young Chris),Meek Mill,House Party (feat. Young Chris),646iHsrMsAeI48Z2qU8WKf
315,0.425,1,0.768,9,-5.969,0.272,0.0551,0,0.19,0.274,81.337,274960,6z1z7D2WcyVWkRAr2UVbt5,Rise and Shine,J. Cole,Cole World: The Sideline Story,6z1z7D2WcyVWkRAr2UVbt5
316,0.831,1,0.667,1,-8.438,0.188,0.0103,0,0.35,0.339,95.073,206667,2NRUU0gP1d8Yif8CpsCW8l,Faded,Tyga,Careless World: Rise Of The Last King,2NRUU0gP1d8Yif8CpsCW8l
317,0.592,0,0.815,8,-7.638,0.349,0.125,0,0.0877,0.621,72.466,311640,7kbgzSYR7X9FkzIeUFkviQ,I Do,Jeezy,TM:103 Hustlerz Ambition (Deluxe),7kbgzSYR7X9FkzIeUFkviQ
318,0.573,1,0.906,9,-2.408,0.325,0.229,0,0.183,0.775,110.64,270733,2ABUUwQ1E5gHkhk0uckzgo,Act A Fool,Various Artists,2 Fast 2 Furious (Soundtrack),2ABUUwQ1E5gHkhk0uckzgo
319,0.79,0,0.647,10,-5.983,0.136,0.0515,0,0.248,0.654,87.999,211000,53gcDgFyqqpvCzXWrnFZpH,Heartless,Kanye West,808s & Heartbreak (Softpak),53gcDgFyqqpvCzXWrnFZpH
320,0.7,1,0.598,2,-7.783,0.114,0.0369,0,0.111,0.594,160.041,228453,0wpbHnOW0zVUtV10LSj9c9,Down On Me,Jeremih,All About You,0wpbHnOW0zVUtV10LSj9c9
321,0.42,1,0.744,8,-5.033,0.396,0.398,0.00000854,0.192,0.324,161.792,302547,7McmbPrf2xXU9zypHOb1y9,Ambition (feat. Meek Mill & Rick Ross),Wale,Ambition (Deluxe Version),7McmbPrf2xXU9zypHOb1y9
322,0.797,1,0.515,7,-5.981,0.274,0.023,0,0.13,0.209,91.898,232933,5GVcTHW9AUigE3UIisgru3,Here We Go Again,DMX,...And Then There Was X,5GVcTHW9AUigE3UIisgru3
323,0.647,1,0.98,7,-3.463,0.356,0.0301,0.0000856,0.045,0.399,188.309,232333,31B5X9fgkpcHxT9D4pRvTp,What's My Name,DMX,...And Then There Was X,31B5X9fgkpcHxT9D4pRvTp
324,0.718,1,0.647,6,-4.753,0.31,0.00885,0.000161,0.51,0.452,93.037,214413,6y0UHi7IYWK18BXezmr01G,Respect My Conglomerate,Busta Rhymes,Back On My B.S.,6y0UHi7IYWK18BXezmr01G
325,0.77,1,0.864,1,-5.277,0.224,0.0996,0,0.0441,0.569,129.975,229160,1ajsHJVZtBAnJcPxP2rhO8,Don't Believe Em,Busta Rhymes,Back On My B.S.,1ajsHJVZtBAnJcPxP2rhO8
326,0.784,1,0.498,1,-6.977,0.0533,0.00248,0.00000123,0.224,0.418,143.96,201587,2h2cAPusMxOVTMUHfBRLJK,How Low,Ludacris,Battle Of The Sexes (Deluxe),2h2cAPusMxOVTMUHfBRLJK
327,0.624,1,0.723,1,-6.782,0.378,0.172,0,0.483,0.757,84.789,216933,4CcQrjClDw3PlxRGjcJmeu,My Chick Bad,Ludacris,Battle Of The Sexes (Deluxe),4CcQrjClDw3PlxRGjcJmeu
328,0.534,0,0.63,5,-7.048,0.191,0.0915,0,0.489,0.484,174.199,190293,1N9JazWqQEGOtcDfL0IAaK,Window Shopper,50 Cent,Best Of 50 Cent,1N9JazWqQEGOtcDfL0IAaK
329,0.658,1,0.551,1,-6.62,0.37,0.0043,0.000108,0.197,0.442,138.335,214960,1xLJLpfyQmQtEfF9qeO0DK,Touch It - Album Version/Vocal Up,Busta Rhymes,The Big Bang,1xLJLpfyQmQtEfF9qeO0DK
330,0.518,1,0.89,2,-4.978,0.351,0.0362,0.0000903,0.474,0.521,99.471,181680,15NwjeyttMT4KH5rZUlrYC,New York Shit - Album Version (Explicit w/o Shoutouts),Busta Rhymes,The Big Bang,15NwjeyttMT4KH5rZUlrYC
331,0.657,0,0.734,8,-4.832,0.484,0.149,0,0.139,0.434,91.03,223507,4FHu9bOzBjZurx89CMa42L,All Falls Down,Kanye West,The College Dropout (Explicit),4FHu9bOzBjZurx89CMa42L
332,0.636,0,0.7,1,-3.099,0.421,0.341,0,0.161,0.924,88.817,246933,3pJ0avSP15CvCwgNcTfZJo,Breathe In Breathe Out,Kanye West,The College Dropout (Explicit),3pJ0avSP15CvCwgNcTfZJo
333,0.762,1,0.776,11,-5.623,0.196,0.0266,0,0.0959,0.796,83.02,204707,3sgTiqsN5eNNGTBl1VsO44,Oh Boy,Cam’ron,Come Home With Me,3sgTiqsN5eNNGTBl1VsO44
334,0.865,1,0.664,2,-6.822,0.108,0.00689,0,0.142,0.565,162.831,287000,5pZrTiyyerSGHUJExDCOxZ,Country Grammar (Hot Shit),Nelly,Country Grammar,5pZrTiyyerSGHUJExDCOxZ
335,0.665,0,0.665,6,-5.813,0.223,0.0684,0,0.714,0.461,88.839,314853,5Ni3klgbZYHBRY9lpfPWi8,Usual Suspects,Rick Ross,Deeper Than Rap,5Ni3klgbZYHBRY9lpfPWi8
336,0.335,0,0.769,4,-6.844,0.377,0.0716,0,0.322,0.334,77.275,299867,0KJFZSkCgqStBOmuIrpPzx,Maybach Music 2,Rick Ross,Deeper Than Rap,0KJFZSkCgqStBOmuIrpPzx
337,0.631,1,0.755,7,-7.206,0.136,0.00733,0,0.0889,0.439,91.378,257480,1BABvkgqlDnDmGmrEKCgCX,Magnificent,Rick Ross,Deeper Than Rap,1BABvkgqlDnDmGmrEKCgCX
338,0.608,1,0.875,7,-5.642,0.231,0.000921,0,0.125,0.589,163.443,257600,6o4pWPNJSfWmf9JpD1SgZE,It's Okay (One Blood),The Game,Doctor's Advocate,6o4pWPNJSfWmf9JpD1SgZE
339,0.733,1,0.935,1,-2.634,0.248,0.171,0,0.189,0.72,91.943,281200,0XM5MJuoHRMzlciwH8LCj9,Compton,The Game,Doctor's Advocate,0XM5MJuoHRMzlciwH8LCj9
340,0.878,1,0.739,5,-5.157,0.189,0.169,0,0.119,0.824,93.601,237680,5vbOZSDs3h1DUf9oPmPABY,Let's Ride,The Game,Doctor's Advocate,5vbOZSDs3h1DUf9oPmPABY
341,0.434,0,0.764,4,-5.367,0.276,0.152,0,0.425,0.702,92.605,251040,1jGF2uF1PMITjvbprF8Nev,Wouldn't Get Far,The Game,Doctor's Advocate,1jGF2uF1PMITjvbprF8Nev
342,0.876,1,0.647,11,-3.917,0.28,0.16,0,0.238,0.961,86.993,223067,5VRxcsBgrwQj4naQHU2kM6,Westside Story,The Game,The Documentary,5VRxcsBgrwQj4naQHU2kM6
343,0.63,1,0.78,6,-5.353,0.221,0.00499,0,0.206,0.281,155.779,286453,7l7tTR8FVBemCeJBrzBOXm,Dreams,The Game,The Documentary,7l7tTR8FVBemCeJBrzBOXm
344,0.524,0,0.802,10,-6.374,0.267,0.000712,0,0.156,0.474,89.036,240893,7EIcNdv4KwWG70D9yX4D7Y,Church For Thugs,The Game,The Documentary,7EIcNdv4KwWG70D9yX4D7Y
345,0.797,1,0.711,8,-2.975,0.301,0.0381,0,0.124,0.712,90.557,188480,1KARb8DGMQH4ShJw4bNg7c,Where I'm From,The Game,The Documentary,1KARb8DGMQH4ShJw4bNg7c
346,0.411,0,0.775,6,-3.705,0.267,0.189,0,0.314,0.728,71.094,327480,3fFQjv8tqHCsCRzJiH8XdK,"Like Father, Like Son",The Game,The Documentary,3fFQjv8tqHCsCRzJiH8XdK
347,0.833,1,0.628,2,-7.041,0.141,0.0949,0.0000016,0.282,0.645,106.328,286187,4GIsskMpViPkt0uzPJTJSp,"Nasty Girl (feat. Diddy, Nelly, Jagged Edge & Avery Storm) - 2005 Remaster",The Notorious B.I.G.,Duets: The Final Chapter,4GIsskMpViPkt0uzPJTJSp
348,0.767,0,0.864,10,-1.847,0.133,0.0116,0,0.0957,0.747,85.475,257907,0nKZeSrqH9u31NLoTUsYBR,You Don't Know,Eminem,Eminem Presents The Re-Up,0nKZeSrqH9u31NLoTUsYBR
349,0.911,1,0.65,0,-5.529,0.0921,0.00254,0.0553,0.198,0.681,98.625,276413,0JFBf2PloRfMkPg5DjXhDx,Lowrider,Cypress Hill,The Essential Cypress Hill,0JFBf2PloRfMkPg5DjXhDx
350,0.899,0,0.713,6,-2.752,0.366,0.255,0,0.0708,0.777,90.051,193467,7iL6o9tox1zgHpKUfh9vuC,In Da Club,50 Cent,Get Rich Or Die Tryin',7iL6o9tox1zgHpKUfh9vuC
351,0.712,0,0.772,10,-3.024,0.346,0.0521,0.00000435,0.0368,0.848,84.722,249480,3G0yz3DZn3lfraledmBCT0,P.I.M.P.,50 Cent,Get Rich Or Die Tryin',3G0yz3DZn3lfraledmBCT0
352,0.817,1,0.844,6,-1.762,0.309,0.0597,0,0.068,0.794,91.523,255667,0GltMgspY6OkEm4bBgsn8Z,U Not Like Me,50 Cent,Get Rich Or Die Tryin',0GltMgspY6OkEm4bBgsn8Z
353,0.835,1,0.718,1,-6.405,0.232,0.0424,0,0.258,0.507,94.387,244253,3UYuDTslR35thjQzaVwRMe,Get Down,Nas,God's Son,3UYuDTslR35thjQzaVwRMe
354,0.658,0,0.936,5,-5.105,0.3,0.172,0,0.321,0.711,95.439,203000,3qRPc4QpHGNwKFAzCdqwxA,Made You Look,Nas,God's Son,3qRPc4QpHGNwKFAzCdqwxA
355,0.555,1,0.411,8,-9.396,0.429,0.484,0,0.0674,0.754,177.006,247413,6xfMOEq6oyNKWy5884A4u6,Thugz Mansion (N.Y.) (feat. 2Pac & J. Phoenix),Nas,God's Son,6xfMOEq6oyNKWy5884A4u6
356,0.457,1,0.761,1,-5.615,0.272,0.029,0,0.0974,0.784,86.68,209080,6hsWgOjbX8FzcDifNVwfFy,Revolutionary Warfare (feat. Lake),Nas,God's Son,6hsWgOjbX8FzcDifNVwfFy
357,0.576,0,0.534,5,-8.143,0.26,0.0483,0,0.0986,0.111,75.104,214400,6jeDnK6mvZbXJgRZXkSkBB,Dance,Nas,God's Son,6jeDnK6mvZbXJgRZXkSkBB
358,0.596,0,0.62,5,-6.133,0.039,0.0122,0,0.82,0.102,80.029,271600,7rWwv1ePazmRzmJs4sARhI,Can't Tell Me Nothing,Kanye West,Graduation (UK Version),7rWwv1ePazmRzmJs4sARhI
359,0.439,1,0.808,1,-6.881,0.346,0.00305,0,0.439,0.487,82.962,207000,6uc03qm5fpp2NSlJgWAla2,Good Life,Kanye West,Graduation (UK Version),6uc03qm5fpp2NSlJgWAla2
360,0.617,0,0.717,10,-7.858,0.153,0.00564,0,0.408,0.49,103.992,311867,4y6c5vMzKKM3KsMbHtjKx5,Stronger,Kanye West,Graduation (UK Version),4y6c5vMzKKM3KsMbHtjKx5
361,0.725,1,0.708,6,-5.21,0.219,0.152,0,0.0887,0.585,90.596,280867,0wAb5dNCXkIKHUh8GvNEge,I Miss You,DMX,The Great Depression,0wAb5dNCXkIKHUh8GvNEge
362,0.536,0,0.677,4,-5.384,0.364,0.00365,0.0000267,0.685,0.475,106.99,208387,1GPG59ArrhLpnR8AqxMz2X,"Beamer, Benz or Bentley",Lloyd Banks,H.F.M. 2,1GPG59ArrhLpnR8AqxMz2X
363,0.504,0,0.845,3,-4.335,0.316,0.0396,0,0.518,0.522,76.254,271947,1v96XHorEjH9v3EPDHpzZK,Right Above It,Lil Wayne,I Am Not A Human Being (Explicit Version),1v96XHorEjH9v3EPDHpzZK
364,0.374,1,0.888,8,-3.197,0.12,0.0762,0,0.202,0.365,148.828,319940,1z667LebVh3DtYNrVJEao0,All the Above (feat. T-Pain),Maino,If Tomorrow Comes...,1z667LebVh3DtYNrVJEao0
365,0.648,1,0.759,6,-4.315,0.306,0.0142,0,0.648,0.518,85.996,324307,0YImOCkIJ2PWhCXaURCZnY,I Know What You Want (feat. Flipmode Squad),Busta Rhymes,It Ain't Safe No More. . .,0YImOCkIJ2PWhCXaURCZnY
366,0.399,0,0.711,5,-3.714,0.216,0.0897,0,0.249,0.189,74.924,232867,7hKSNMrBRy0VoKPwBAE3Bu,One,Fat Joe,J.O.S.E. 2,7hKSNMrBRy0VoKPwBAE3Bu
367,0.713,0,0.734,0,-4.894,0.325,0.549,0,0.0687,0.891,172.871,248200,0H8XbpEPbRf7LPPm3GsCGh,Slow Motion,JUVENILE,Juve The Great,0H8XbpEPbRf7LPPm3GsCGh
368,0.828,0,0.792,10,-5.435,0.179,0.182,0,0.281,0.777,134.199,233360,2tOZtdbkAMQASWokLvSlzj,Overnight Celebrity,Twista,Kamikaze,2tOZtdbkAMQASWokLvSlzj
369,0.561,0,0.764,2,-6.645,0.138,0.373,0,0.157,0.598,145.158,212147,1boHm9rjmvzxpJASd9dnGK,Slow Jamz (feat. Kanye West & Jamie Foxx),Twista,Kamikaze,1boHm9rjmvzxpJASd9dnGK
370,0.926,1,0.888,11,-5.337,0.294,0.261,0,0.348,0.819,98.523,226013,5y8WWi1BaKHXfuln0XoIZs,Sunshine (feat. Anthony Hamilton),Twista,Kamikaze,5y8WWi1BaKHXfuln0XoIZs
371,0.424,1,0.866,7,-6.171,0.2,0.000859,0.000139,0.0869,0.426,190.276,234243,0D5ER6UGojHVHVVJV0QdY8,Kush - Main,Dr. Dre,Kush,0D5ER6UGojHVHVVJV0QdY8
372,0.591,1,0.889,7,-3.839,0.115,0.0189,0,0.155,0.65,143.067,239613,4NTWZqvfQTlOMitlVn6tew,The Show Goes On,Lupe Fiasco,Lasers,4NTWZqvfQTlOMitlVn6tew
373,0.348,1,0.748,1,-5.009,0.308,0.104,0,0.0898,0.57,159.082,239880,0LmPiERziBqG7ZwpyyS8hi,Letter To B.I.G.,Jadakiss,The Last Kiss,0LmPiERziBqG7ZwpyyS8hi
374,0.693,0,0.883,5,-3.97,0.321,0.0521,0,0.469,0.672,83.281,311307,5qK2PIYHoRn6t4UddfhvCC,Angels,Diddy - Dirty Money,Last Train To Paris (Deluxe),5qK2PIYHoRn6t4UddfhvCC
375,0.813,0,0.765,7,-4.719,0.252,0.00845,0.0000549,0.0386,0.615,122.047,213387,60CLys0U29NAllRg9csZIx,Strobe Lights,Diddy - Dirty Money,Last Train To Paris (Deluxe),60CLys0U29NAllRg9csZIx
376,0.629,1,0.958,2,-2.494,0.219,0.051,0,0.626,0.567,103.98,268693,2AP7us27DPh1lK2N77CJ34,Hello Good Morning,Diddy - Dirty Money,Last Train To Paris (Deluxe),2AP7us27DPh1lK2N77CJ34
377,0.524,1,0.845,9,-4.912,0.348,0.0115,0,0.434,0.553,98.388,236286,6mxyfdyF4LD7PctU3UNyjF,Touch The Sky,Kanye West,Late Registration,6mxyfdyF4LD7PctU3UNyjF
378,0.646,0,0.696,1,-5.572,0.342,0.0192,0,0.0762,0.625,92.88,207401,5XJJdNPkwmbUwE79gv0NxK,Gold Digger,Kanye West,Late Registration,5XJJdNPkwmbUwE79gv0NxK
379,0.673,1,0.766,11,-5.018,0.349,0.0724,0,0.0563,0.382,148.113,320893,5j7loW7OXzJCFdhf6ejEAN,My Life,The Game,LAX (Deluxe),5j7loW7OXzJCFdhf6ejEAN
380,0.733,0,0.813,1,-3.402,0.225,0.148,0,0.179,0.696,85.067,240507,7tQGJXCaNfZrDiQxXT63QS,Dope Boys,The Game,LAX (Deluxe),7tQGJXCaNfZrDiQxXT63QS
381,0.614,1,0.574,11,-7.961,0.466,0.0253,0.000032,0.38,0.755,125.173,209107,3VzJE6yGuj8fDExUh6TLnc,Candy Shop,50 Cent,The Massacre,3VzJE6yGuj8fDExUh6TLnc
382,0.489,1,0.692,1,-6.672,0.41,0.0322,0.00608,0.315,0.527,96.946,237707,0x7U32vZzq7e1qVpA0MBwK,Just A Lil Bit,50 Cent,The Massacre,0x7U32vZzq7e1qVpA0MBwK
383,0.925,1,0.659,3,-4.763,0.231,0.206,0.0000788,0.279,0.71,97.018,214227,5LjYsYZRBWcxUNPEW69qkP,Disco Inferno,50 Cent,The Massacre,5LjYsYZRBWcxUNPEW69qkP
384,0.546,1,0.796,1,-3.263,0.0639,0.0909,0.0000273,0.19,0.254,142.123,299613,1XvHiCTd0MDb16S8bQNl74,All Of The Lights,Kanye West,My Beautiful Dark Twisted Fantasy,1XvHiCTd0MDb16S8bQNl74
385,0.622,0,0.679,11,-5.621,0.245,0.00275,0.00683,0.606,0.0878,123.38,378893,5jXNOgH5A7yI76BU9kaP6N,Monster,Kanye West,My Beautiful Dark Twisted Fantasy,5jXNOgH5A7yI76BU9kaP6N
386,0.383,0,0.579,1,-3.765,0.103,0.198,0.00184,0.517,0.103,86.522,547733,0jOL63hLMeSCHTXPdFkniq,Runaway,Kanye West,My Beautiful Dark Twisted Fantasy,0jOL63hLMeSCHTXPdFkniq
387,0.691,0,0.779,10,-4.882,0.23,0.0843,0,0.075,0.374,90.039,229120,1fVg65BASUN7FyRegGa0G5,Make The World Go Round,Nas,Nas,1fVg65BASUN7FyRegGa0G5
388,0.605,1,0.914,7,-5.205,0.126,0.000906,0.00000136,0.285,0.344,94.952,240000,6aPzxowt88lr4Sb09z3jRf,Hero,Nas,Nas,6aPzxowt88lr4Sb09z3jRf
389,0.73,1,0.504,7,-7.709,0.254,0.00939,0,0.257,0.355,94.091,256000,7x3ro3BuPIaDZmuxUPHwJo,Y'all My Ni**as,Nas,Nas,7x3ro3BuPIaDZmuxUPHwJo
390,0.786,0,0.469,4,-9.877,0.313,0.09,0,0.0812,0.632,164.092,304000,3mT4jNlxdiu6ZkZw9FXCar,Air Force Ones,Nelly,Nellyville (Explicit Version),3mT4jNlxdiu6ZkZw9FXCar
391,0.666,0,0.879,10,-2.081,0.295,0.103,0,0.0703,0.566,74.977,270600,5EtGQ6OfzyR0eI0S2PJhjR,How Life Changed (feat. Mitchelle'l & Scarface),T.I.,No Mercy,5EtGQ6OfzyR0eI0S2PJhjR
392,0.496,1,0.785,7,-3.472,0.306,0.0328,0,0.0941,0.357,170.02,318360,4UwtMoKBvYi0mMbH2ZI3uB,That's All She Wrote (feat. Eminem),T.I.,No Mercy,4UwtMoKBvYi0mMbH2ZI3uB
393,0.629,1,0.853,0,-4.36,0.104,0.00189,0,0.34,0.373,78.033,320160,7JNybNPTQfrbyjvH2jghkb,Poppin Bottles (feat. Drake),T.I.,No Mercy,7JNybNPTQfrbyjvH2jghkb
394,0.905,0,0.693,11,-6.418,0.131,0.234,0,0.0845,0.963,101.019,298307,4NO3hYYJudCN6MrcToFCos,Beautiful,Snoop Dogg,Paid Tha Cost To Be Da Bo$$,4NO3hYYJudCN6MrcToFCos
395,0.375,0,0.862,11,-3.363,0.255,0.071,0,0.211,0.478,159.841,338853,3jlbL2OTD5YmIunYzgQTAN,Live Your Life,T.I.,Paper Trail,3jlbL2OTD5YmIunYzgQTAN
396,0.639,0,0.805,6,-5.927,0.261,0.00609,0,0.246,0.648,83.054,246960,3iNYQG2B6aBRnaCEOdNGbc,I'm Illy,T.I.,Paper Trail,3iNYQG2B6aBRnaCEOdNGbc
397,0.502,1,0.652,9,-7.224,0.3,0.0849,0,0.0675,0.649,136.04,254093,3UaqMekEh1kbVu2A6DwiQs,Hustlin',Rick Ross,Port Of Miami,3UaqMekEh1kbVu2A6DwiQs
398,0.405,1,0.889,2,-3.303,0.317,0.0922,0,0.446,0.338,82.918,229480,5PrHp3PRK78k18zrwgyxS9,Red Nation,The Game,The R.E.D. Album,5PrHp3PRK78k18zrwgyxS9
399,0.754,1,0.585,0,-5.466,0.039,0.000776,0,0.462,0.224,128.041,241880,7lP8cYiy9vyrOx7p2Xp3Cu,Country Sh*t (Remix),Big K.R.I.T.,R4 The Prequel,7lP8cYiy9vyrOx7p2Xp3Cu
400,0.84,1,0.571,10,-7.421,0.0797,0.16,0,0.406,0.617,116.59,188493,3LN41NUdHkyNqQhi9gExMm,Hypnotized (feat. Akon),Plies,The Real Testament,3LN41NUdHkyNqQhi9gExMm
401,0.663,1,0.91,1,-1.629,0.317,0.0719,0,0.244,0.342,144.993,229227,77q65VGEbRnJlnX50UfnZS,Drop The World,Lil Wayne,Rebirth (International Explicit Deluxe Version),77q65VGEbRnJlnX50UfnZS
402,0.626,0,0.866,11,-4.065,0.0408,0.00316,0.000364,0.171,0.545,132.031,248240,0mKR21gUonhfqYnIHyNXjA,On Fire,Lil Wayne,Rebirth (International Explicit Deluxe Version),0mKR21gUonhfqYnIHyNXjA
403,0.653,0,0.77,9,-6.091,0.0353,0.00342,0,0.0887,0.272,137.616,321293,5bh0ZC4XO0VJuH0NPGkqlH,Put On,Jeezy,The Recession,5bh0ZC4XO0VJuH0NPGkqlH
404,0.735,1,0.932,11,-2.86,0.224,0.128,0,0.175,0.318,129.583,299507,52JyHLUiugFECIYBWM2qdh,No Love,Eminem,Recovery,52JyHLUiugFECIYBWM2qdh
405,0.543,1,0.632,1,-5.141,0.264,0.0649,0,0.116,0.178,172.027,270747,3EJreeLvSWVNsosRZbiA9z,Get Back,Ludacris,The Red Light District,3EJreeLvSWVNsosRZbiA9z
406,0.727,0,0.696,5,-4.472,0.0706,0.251,0,0.0726,0.467,132.077,392827,0YQwnxnwZuhsNHd0vqie9r,Beautiful,Eminem,Relapse [Deluxe],0YQwnxnwZuhsNHd0vqie9r
407,0.653,1,0.711,9,-6.454,0.0623,0.109,0,0.443,0.769,160.048,191320,2kzRSiyignH8yzPTrWvyPo,No Sleep,Wiz Khalifa,Rolling Papers,2kzRSiyignH8yzPTrWvyPo
408,0.72,1,0.514,1,-7.108,0.132,0.146,0.00713,0.107,0.212,142.98,272160,0osPX8TruIebOhKuG6GK8C,On My Level (feat. Too $hort),Wiz Khalifa,Rolling Papers,0osPX8TruIebOhKuG6GK8C
409,0.596,0,0.783,0,-4.356,0.0313,0.0506,0,0.181,0.334,127.018,320957,12bCgkFnyyTI8B1OmmRhbx,The Spiteful Chant,Kendrick Lamar,Section.80,12bCgkFnyyTI8B1OmmRhbx
410,0.695,0,0.827,6,-5.742,0.282,0.179,0,0.283,0.538,81.024,279855,4fVqQKbROkz8Z9FFJS7vls,HiiiPower,Kendrick Lamar,Section.80,4fVqQKbROkz8Z9FFJS7vls
411,0.555,1,0.713,11,-4.549,0.0911,0.0845,0,0.712,0.725,79.934,240920,7DjZMCUGbYRuD0Vhyy0ROP,Say Something (Featuring Drake),Timbaland,Shock Value II,7DjZMCUGbYRuD0Vhyy0ROP
412,0.746,1,0.978,9,-5.324,0.0978,0.0555,0.0000411,0.026,0.653,153.809,304227,3WibbMr6canxRJXhNtAvLU,B.O.B. - Bombs Over Baghdad,Outkast,Stankonia,3WibbMr6canxRJXhNtAvLU
413,0.448,0,0.719,7,-4.179,0.291,0.0833,0,0.162,0.301,162.09,267720,3ejrk4i0LWIofaaBEmwX0A,Stay Schemin,Rick Ross,Stay Schemin,3ejrk4i0LWIofaaBEmwX0A
414,0.754,0,0.609,0,-5.751,0.379,0.0612,0,0.11,0.457,91.659,268693,1vCvQoiyacsNrFUqiUMRyO,One Mic - Explicit Album Version,Nas,Stillmatic,1vCvQoiyacsNrFUqiUMRyO
415,0.623,1,0.831,7,-5.545,0.439,0.0371,0,0.0849,0.757,70.738,277600,4zABu6OqbYE0B6sQ6zlhmp,Ether,Nas,Stillmatic,4zABu6OqbYE0B6sQ6zlhmp
416,0.474,1,0.856,1,-5.148,0.457,0.0604,0,0.187,0.417,85.421,247213,2c7pnnwNj4uGBZ1CVshNTg,Free Mason,Rick Ross,Teflon Don,2c7pnnwNj4uGBZ1CVshNTg
417,0.491,1,0.881,4,-3.985,0.319,0.168,0,0.408,0.698,169.78,373800,1gRymA766Ujj7TLonkTcGg,"Live Fast, Die Young",Rick Ross,Teflon Don,1gRymA766Ujj7TLonkTcGg
418,0.57,0,0.58,10,-5.547,0.209,0.0125,0,0.0497,0.405,171.917,270627,4kqluSwcQs3kqfK82ZrB93,Aston Martin Music,Rick Ross,Teflon Don,4kqluSwcQs3kqfK82ZrB93
419,0.844,0,0.854,7,-3.694,0.265,0.17,0,0.092,0.777,95.081,276040,1h1XN09OJDITV3I5MZoaYX,This Is The Carter,Lil Wayne,Tha Carter,1h1XN09OJDITV3I5MZoaYX
420,0.661,0,0.746,8,-2.223,0.25,0.36,0,0.454,0.678,83.939,303667,6Qc9lQVJUnNJEX2YuRhgN7,Hustler Musik,Lil Wayne,Tha Carter II,6Qc9lQVJUnNJEX2YuRhgN7
421,0.664,0,0.69,6,-8.65,0.29,0.0375,0.00111,0.28,0.764,151.583,221760,7wrY43IIhD9q8wYNiR7nYK,A Milli,Lil Wayne,Tha Carter III (Explicit Version),7wrY43IIhD9q8wYNiR7nYK
422,0.691,1,0.654,7,-4.876,0.0875,0.0014,0,0.713,0.696,82.517,244640,0Lw8ta5SJNu8jTHAKDfxz0,Got Money,Lil Wayne,Tha Carter III (Explicit Version),0Lw8ta5SJNu8jTHAKDfxz0
423,0.831,1,0.425,0,-9.404,0.082,0.0592,0.00311,0.135,0.43,148.082,299360,7IdmhX2hcXsLMigomvFJhF,Lollipop,Lil Wayne,Tha Carter III (Explicit Version),7IdmhX2hcXsLMigomvFJhF
424,0.523,0,0.884,2,-5.581,0.461,0.331,0.000002,0.356,0.283,87.275,319387,238Sekyg7DyN2XDm0z4oWY,Fancy,Drake,Thank Me Later (Int'l Version),238Sekyg7DyN2XDm0z4oWY
425,0.562,0,0.872,4,-5.108,0.118,0.0951,0,0.107,0.0722,156.107,213813,0XhOgqDKTQJhGfD1WBuTdC,Unforgettable,Drake,Thank Me Later (Int'l Version),0XhOgqDKTQJhGfD1WBuTdC
426,0.429,1,0.864,2,-5.975,0.604,0.081,0,0.331,0.332,100.832,305520,53VIWPPMz9S7ob0D8JxF9N,Miss Me,Drake,Thank Me Later (Int'l Version),53VIWPPMz9S7ob0D8JxF9N
427,0.431,0,0.894,5,-2.673,0.33,0.0951,0,0.188,0.605,162.161,258760,1GxHeBvQ9935Dd3cSfsfBa,Best I Ever Had,Drake,Thank Me Later (Int'l Version),1GxHeBvQ9935Dd3cSfsfBa
428,0.518,0,0.758,10,-4.598,0.262,0.0586,0,0.307,0.599,97.529,220840,1om3upPnHKQPx7rSBE8SE8,One More Drink (co-starring T-Pain),Ludacris,Theater Of The Mind,1om3upPnHKQPx7rSBE8SE8
429,0.423,1,0.871,7,-4.506,0.385,0.0175,0,0.367,0.443,160.313,283653,439QSfPlhKb24ZLDIWNRyo,Luxury Tax,Rick Ross,Trilla,439QSfPlhKb24ZLDIWNRyo
430,0.431,1,0.842,7,-4.072,0.357,0.00876,0,0.309,0.61,83.66,225653,1hbi2IdVnJ3883LcA89mXG,The Boss,Rick Ross,Trilla,1hbi2IdVnJ3883LcA89mXG
431,0.549,1,0.791,10,-3.535,0.133,0.0104,0,0.444,0.292,150.093,227293,6u5M4jPpYkoRV4vVHDQvkd,"All I Do Is Win (feat. T-Pain, Ludacris, Snoop Dogg & Rick Ross)",DJ Khaled,Victory,6u5M4jPpYkoRV4vVHDQvkd
432,0.794,0,0.745,0,-6.355,0.351,0.113,0,0.254,0.741,81.263,332547,1QpMNpzkMxchOeYOn9RbNJ,What a Job,Devin The Dude,Waitin' to Inhale,1QpMNpzkMxchOeYOn9RbNJ
433,0.519,0,0.802,11,-3.449,0.296,0.0606,0,0.606,0.414,150.013,296147,0IekdWvcDKkcnUyJt0NWga,I'm On One,DJ Khaled,We The Best Forever,0IekdWvcDKkcnUyJt0NWga
434,0.486,0,0.956,5,-3.411,0.386,0.0585,0,0.342,0.692,190.126,322147,63jandV8LPKc3p4IOY0cRh,Sleep When I'm Gone,DJ Khaled,We The Best Forever,63jandV8LPKc3p4IOY0cRh
435,0.472,0,0.953,1,-4.634,0.387,0.224,0,0.395,0.54,87.811,275244,7pBzYIXn1pAiRAiW1GwBmV,"The Heart, Pt. 3",Kendrick Lamar,Welcome to Compton,7pBzYIXn1pAiRAiW1GwBmV
436,0.718,0,0.713,6,-6.442,0.263,0.0507,0,0.867,0.731,84.48,289173,2CCYWy0SVgESfiR0g70tyW,Growing Pains,Ludacris,Word Of Mouf,2CCYWy0SVgESfiR0g70tyW
437,0.697,0,0.681,4,-5.084,0.219,0.0598,0,0.301,0.82,77.847,258987,2bQdgtO42TfS37YWupeMrr,Int'l Players Anthem (I Choose You) (feat. Outkast),UGK,The Essential UGK,2bQdgtO42TfS37YWupeMrr
438,0.863,0,0.514,4,-7.243,0.249,0.0419,0,0.301,0.843,82.985,271160,6MyRJF1ttIyBTFLoqzCRwV,Grillz,Nelly,Sweatsuit,6MyRJF1ttIyBTFLoqzCRwV
439,0.674,0,0.769,11,-7.62,0.312,0.178,0,0.802,0.678,81.639,211493,4TSkR19fapUtzLMYtX97Ju,Good Times,Styles P,A Gangster And A Gentleman (Explicit Version),4TSkR19fapUtzLMYtX97Ju
440,0.457,0,0.906,5,-2.278,0.342,0.249,0,0.182,0.54,104.02,357707,31Q9ZTF9x81BDonlObCbvP,Forever,Eminem,Relapse: Refill,31Q9ZTF9x81BDonlObCbvP
441,0.905,0,0.559,1,-4.237,0.11,0.249,0,0.0646,0.887,90.031,229933,5DCA1FOUDBURlRTNg4ganf,Let Me Blow Ya Mind,Eve,Scorpion,5DCA1FOUDBURlRTNg4ganf
442,0.747,1,0.929,6,-3.924,0.237,0.084,0,0.135,0.532,100.942,274053,1WG3uNOzTWKRwCAfDAlUAW,Party Up,DMX,The Best Of DMX,1WG3uNOzTWKRwCAfDAlUAW
443,0.549,0,0.636,10,-3.923,0.376,0.395,0,0.0974,0.661,182.363,251547,3JkSuHgKAa9l49gpJPGQBC,Best Friend,Various Artists,Get Rich Or Die Tryin'- The Original Motion Picture Soundtrack,3JkSuHgKAa9l49gpJPGQBC
444,0.767,1,0.881,1,-4.359,0.109,0.191,0.00000829,0.139,0.939,169.049,215267,2g9E9UyZ3pdJ1eqUQW0tfQ,Xxplosive,Dr. Dre,2001 (Explicit Version),2g9E9UyZ3pdJ1eqUQW0tfQ
445,0.831,0,0.79,1,-4.714,0.165,0.0024,0,0.0515,0.791,93.14,262827,0VGHoMRGfUf2CMFokyuhaC,Put It On Me,Ja Rule,Rule 3:36,0VGHoMRGfUf2CMFokyuhaC
446,0.769,0,0.864,3,-3.701,0.2,0.0165,0.000635,0.0698,0.564,96.435,282067,54X4KTDuPvRt4DydkREVUC,Who's That Girl?,Eve,Scorpion,54X4KTDuPvRt4DydkREVUC
447,0.901,0,0.391,9,-4.421,0.0935,0.0476,0,0.102,0.77,100.016,219187,00da5UpHHr2CcmAedVX3Be,"Baby, I'm Back",Baby Bash,Super Saucy,00da5UpHHr2CcmAedVX3Be
448,0.835,1,0.707,8,-5.074,0.0598,0.0219,0.0000219,0.108,0.919,93.955,267093,2mKouqwAIdQnMP43zxR89r,What's Luv? (feat. Ja-Rule & Ashanti),Fat Joe,Jealous Ones Still Envy (J.O.S.E),2mKouqwAIdQnMP43zxR89r
449,0.841,0,0.858,2,-3.201,0.0857,0.0583,0,0.0433,0.874,95.009,229800,5t30tSo1YcBtkCfbiICPWi,TS Piece (feat. Remy & Tony Sunshine),Fat Joe,Loyalty,5t30tSo1YcBtkCfbiICPWi
450,0.839,0,0.721,2,-4.23,0.167,0.0463,0,0.099,0.582,91.986,298560,3RtvEmM3E0Ck7GSc55BKUn,In Between Us,Scarface,The Fix,3RtvEmM3E0Ck7GSc55BKUn
451,0.759,1,0.891,11,-2.983,0.257,0.0298,0,0.141,0.587,98.579,216707,3CcvahnsiArpTHYQEWV2Au,Bring Em Out,T.I.,Urban Legend,3CcvahnsiArpTHYQEWV2Au
452,0.883,1,0.681,8,-4.045,0.29,0.124,0,0.0377,0.826,99.435,236000,39YYWeLAUCKLJA5ZHMElRL,"We Thuggin' (feat. R. Kelly, Busta Rhymes, Noreaga & Remy) - Remix",Fat Joe,Jealous Ones Still Envy (J.O.S.E),39YYWeLAUCKLJA5ZHMElRL
453,0.915,1,0.656,7,-2.827,0.0716,0.00299,0,0.324,0.642,112.243,290227,06wOQGz4bGB7HETrIjpIep,Without Me,Eminem,The Eminem Show,06wOQGz4bGB7HETrIjpIep
454,0.596,1,0.863,6,-5.918,0.453,0.0269,0,0.412,0.478,84.609,248400,4s3f4eRSrqpWnxPDgMBkWw,Maybach Music,Rick Ross,Trilla,4s3f4eRSrqpWnxPDgMBkWw
455,0.425,1,0.791,9,-5.703,0.169,0.0669,0,0.123,0.202,167.904,265987,39BL9yeQdV9ozsPc3dYND4,Maybach Music III,Rick Ross,Teflon Don,39BL9yeQdV9ozsPc3dYND4
456,0.787,0,0.799,8,-4.68,0.0993,0.189,0,0.3,0.835,143.052,303053,3kZoay4ANo86ehb6s4RwS9,Ridin',Chamillionaire,The Sound of Revenge,3kZoay4ANo86ehb6s4RwS9
457,0.551,1,0.598,1,-6.79,0.27,0.15,0,0.299,0.612,78.756,230613,2JpUkUR0OsOlUUfm6iS8ic,Money Maker,Ludacris,Release Therapy,2JpUkUR0OsOlUUfm6iS8ic
458,0.949,1,0.79,8,-5.957,0.0756,0.00437,0,0.0816,0.807,117.002,246053,4NOZ35Dhucr6UlVyLOtktd,Dangerous,Kardinal Offishall,Not 4 Sale,4NOZ35Dhucr6UlVyLOtktd
459,0.68,0,0.687,9,-6.162,0.0709,0.0161,0,0.261,0.467,150.053,249533,3tvWMBIblzT5FSjKtIeRR1,Whatever You Like,T.I.,Paper Trail,3tvWMBIblzT5FSjKtIeRR1
460,0.86,0,0.687,9,-7.203,0.433,0.399,0,0.67,0.622,100.934,303027,1KLtkmQnN9pMgP6T4FdWk5,Area Codes,Ludacris,Word Of Mouf,1KLtkmQnN9pMgP6T4FdWk5
461,0.92,0,0.891,3,-2.398,0.253,0.0313,0,0.083,0.311,95.295,161600,20LxTsa6936zOlzTWqoPVt,The Next Episode,Dr. Dre,2001 (Explicit Version),20LxTsa6936zOlzTWqoPVt
462,0.751,0,0.786,3,-7.441,0.383,0.0126,0,0.107,0.679,95.989,200840,19VTqucnxJuH6kilNdweTh,Welcome to Atlanta (feat. Ludacris),Jermaine Dupri,Instructions (Explicit Version),19VTqucnxJuH6kilNdweTh
463,0.68,1,0.894,1,-4.86,0.255,0.0206,0,0.462,0.803,94.089,247693,5osSw3tL07Tuid7AWsvYcc,"Ante Up (feat. Busta Rhymes, Teflon & Remi Martin) - Remix",M.O.P.,Warriorz,5osSw3tL07Tuid7AWsvYcc
464,0.834,0,0.481,2,-7.824,0.188,0.0732,0,0.0934,0.406,89.849,285907,4E7QLdfaaKpvTgrLGEls00,E.I.,Nelly,Country Grammar,4E7QLdfaaKpvTgrLGEls00
465,0.955,0,0.728,9,-4.862,0.122,0.219,0,0.0612,0.922,107.082,228227,0oXuKhuNkXiZtuoxrdt3Ca,Hot In Herre,Nelly,Nellyville (Explicit Version),0oXuKhuNkXiZtuoxrdt3Ca
466,0.587,1,0.788,4,-4.706,0.305,0.0907,0,0.0684,0.56,98.039,238573,3S5Ie4w4y3QKM6FahgrW6O,Pass the Courvoisier Part II (feat. P. Diddy & Pharrell) - Remix,Busta Rhymes,Genesis,3S5Ie4w4y3QKM6FahgrW6O
467,0.916,0,0.821,4,-4.118,0.15,0.0528,0,0.0635,0.592,90.04,306440,7K4Aq4awgYvDKEJdEvvl4j,Can't Deny It (feat. Nate Dogg),Fabolous,Ghetto Fabolous,7K4Aq4awgYvDKEJdEvvl4j
468,0.67,1,0.675,9,-5.637,0.196,0.00529,0.00000314,0.312,0.686,185.903,267707,6PM1sGUlHGCssd7nTPuuYa,We Right Here,DMX,The Great Depression,6PM1sGUlHGCssd7nTPuuYa
469,0.484,0,0.644,1,-6.605,0.306,0.372,0,0.202,0.531,88.02,331133,6NHWepWpCKUaMXxGraCZaH,Down A** B**ch,Ja Rule,Pain Is Love,6NHWepWpCKUaMXxGraCZaH
470,0.797,1,0.677,8,-5.071,0.343,0.0332,0.00000581,0.367,0.953,90.344,220960,3lwrebzX6n6v4zP5DOqBKc,Hey Ma,Cam’ron,Come Home With Me,3lwrebzX6n6v4zP5DOqBKc
471,0.805,0,0.507,2,-6.294,0.333,0.16,0,0.358,0.765,91.339,231760,0A2hIz5WB7BRWTVPNdThZs,By Your Side,Jadakiss,Kiss Of Death,0A2hIz5WB7BRWTVPNdThZs
472,0.686,0,0.818,5,-5.111,0.241,0.0374,0,0.329,0.633,83.182,293800,0CBQHpw3MxVg6rZWElHuoF,U Make Me Wanna,Jadakiss,Kiss Of Death,0CBQHpw3MxVg6rZWElHuoF
473,0.905,1,0.764,1,-5.496,0.0704,0.00495,0,0.149,0.92,130.02,314227,0qQsv7dumXALW1SRbOKHOo,The Game Belongs to Me,UGK,UGK (Underground Kingz),0qQsv7dumXALW1SRbOKHOo
474,0.746,1,0.904,8,-4.331,0.0484,0.149,0.003,0.144,0.881,94.987,297827,3rkgUTyzcCZFvCwUlDi13n,Fly Together,Red Cafe,Fly Together,3rkgUTyzcCZFvCwUlDi13n
475,0.706,1,0.87,11,-4.162,0.188,0.11,0,0.115,0.529,92.07,263640,23yMCTe2AnyIePehtF0Pty,I'm So Paid,Akon,Freedom,23yMCTe2AnyIePehtF0Pty
476,0.765,1,0.68,1,-5.593,0.176,0.142,0,0.6,0.772,93.059,290373,23L74esErcn5KvWFY0ZAqS,Thug Lovin',Ja Rule,The Last Temptation,23L74esErcn5KvWFY0ZAqS
477,0.772,0,0.599,8,-5.996,0.246,0.0277,0,0.0839,0.557,92.029,247507,2uhnzF1F605tp9QS6rH2VW,Outta Control - Remix,50 Cent,Outta Control,2uhnzF1F605tp9QS6rH2VW
478,0.521,1,0.783,8,-5.207,0.0581,0.00188,0.000217,0.204,0.365,170.065,244347,7Ci3lQA1od6hBiccmzhrqZ,Overtime,Ace Hood,Ruthless,7Ci3lQA1od6hBiccmzhrqZ
479,0.742,1,0.788,1,-9.197,0.31,0.00961,0.105,0.0864,0.848,85.835,241573,27dUo79lgLEy4Rk5w3UvSL,Guess Who's Back,Scarface,Greatest Hits,27dUo79lgLEy4Rk5w3UvSL
480,0.9,0,0.593,10,-6.629,0.333,0.0554,0,0.0304,0.633,92.946,172933,5NQdweL8O7nGdM7e4IS1lf,It's So Hard (featuring Donell Jones) (feat. Donnell Jones),Big Pun,Yeah Baby,5NQdweL8O7nGdM7e4IS1lf
481,0.642,1,0.835,1,-4.501,0.293,0.206,0,0.135,0.553,86.662,192867,2TXB3vQ1IdfQ8u1S0tyLvU,My Drink N' My 2 Step (feat. Swizz Beatz),Cassidy,B.A.R.S. The Barry Adrian Reese Story,2TXB3vQ1IdfQ8u1S0tyLvU
482,0.718,1,0.785,6,-6.786,0.222,0.0573,0,0.551,0.658,91.523,234133,2Co8BuFPdjWFvhbaQ2uij0,The Pledge Remix,Ja Rule,The Last Temptation,2Co8BuFPdjWFvhbaQ2uij0
483,0.344,1,0.91,6,-4.617,0.341,0.259,0,0.359,0.822,188.946,157907,5KIKqXHk3VaIO9DTifYDg7,No More Fun And Games,The Game,The Documentary,5KIKqXHk3VaIO9DTifYDg7
484,0.605,0,0.602,0,-6.837,0.398,0.177,0,0.405,0.829,82.261,185813,2fxef3Rm1GnrcyGjvWP8oJ,So Fly,Nate Dogg,A Tribute to The King of G-Funk (Deluxe Version),2fxef3Rm1GnrcyGjvWP8oJ
485,0.866,1,0.749,2,-3.977,0.253,0.15,0,0.0614,0.891,92.074,250747,0l3GEbH3CviUytD6iX4wzg,Right Thurr,Chingy,Jackpot,0l3GEbH3CviUytD6iX4wzg
486,0.769,0,0.627,10,-6.346,0.135,0.00411,0,0.343,0.574,99.065,243787,5jpVY7MbCrSc2dNmdSTduZ,We Can Freak It,Kurupt,Who Ride Wit Us: Kurupt's Greatest Hits,5jpVY7MbCrSc2dNmdSTduZ
487,0.618,0,0.844,1,-4.051,0.342,0.0178,0.000126,0.0634,0.697,84.411,240627,4h5KBcltGefua73AUPYps7,Izzo (H.O.V.A.),JAY-Z,The Blueprint (Explicit Version),4h5KBcltGefua73AUPYps7
488,0.656,1,0.922,11,-1.647,0.253,0.0354,0,0.156,0.668,94.625,252107,0cdit5Knt0s0bnWBiClBq7,Roc Boys (And The Winner Is)...,JAY-Z,American Gangster,0cdit5Knt0s0bnWBiClBq7
489,0.527,0,0.886,5,-0.938,0.334,0.238,0,0.101,0.837,88.964,210267,6uMgRiiEqR6yav40hLD26B,Success,JAY-Z,American Gangster,6uMgRiiEqR6yav40hLD26B
490,0.66,1,0.765,7,-7.121,0.245,0.227,0,0.376,0.771,151.073,208600,39SQnz9u6zd91nZdaPmmJK,Push It,Rick Ross,Port Of Miami,39SQnz9u6zd91nZdaPmmJK
491,0.746,0,0.717,10,-5.788,0.127,0.189,0,0.0704,0.475,109.754,209547,67yGTWcR72BZvsrSS2dHST,Here I Am,Rick Ross,Trilla,67yGTWcR72BZvsrSS2dHST
492,0.605,0,0.829,10,-2.377,0.444,0.0392,0,0.196,0.708,176.103,278533,25YwwruYRtxe6RQdKtrZFS,Karma,Lloyd Banks,The Hunger For More,25YwwruYRtxe6RQdKtrZFS
493,0.559,0,0.733,2,-5.659,0.171,0.314,0,0.284,0.611,145.115,316053,3A4cpTBPaIQdtPFb5JxtaX,Slow Jamz,Kanye West,The College Dropout,3A4cpTBPaIQdtPFb5JxtaX
494,0.86,1,0.695,1,-1.876,0.0939,0.00506,0,0.0418,0.951,93.001,182240,1T3VPhjkgPm2TZsprzf78z,Bad Intentions,Various Artists,The Wash,1T3VPhjkgPm2TZsprzf78z
495,0.92,0,0.811,4,-2.892,0.117,0.159,0.0026,0.0935,0.602,97.117,227867,5a251qN4R86hro8UZGuO4E,The Streets - Re-Twist,WC,Ghetto Heisman,5a251qN4R86hro8UZGuO4E
496,0.89,1,0.696,2,-7.166,0.259,0.134,0.00000198,0.1,0.761,94.833,263827,3AHduOpEg5sb3Z6h7urFdK,Connected For Life,Mack 10,Bang Or Ball,3AHduOpEg5sb3Z6h7urFdK
497,0.738,1,0.74,8,-5.777,0.411,0.184,0,0.681,0.575,113.368,233440,4niBC08LJUPS7vKAM2dCI5,In The Ghetto,Busta Rhymes,The Big Bang,4niBC08LJUPS7vKAM2dCI5
498,0.807,0,0.693,8,-2.796,0.155,0.225,0,0.0417,0.635,84.002,224293,3Ls7gjDHSfF3nDyGm3e6Li,Lost One,JAY-Z,Kingdom Come,3Ls7gjDHSfF3nDyGm3e6Li
499,0.877,0,0.682,11,-4.232,0.354,0.218,0,0.1,0.643,91.53,253213,4rdQHRyAlG8b8vFuup3NxM,30 Something,JAY-Z,Kingdom Come,4rdQHRyAlG8b8vFuup3NxM
500,0.683,1,0.848,0,-4.498,0.306,0.111,0,0.378,0.59,90.575,202680,4UprL40OVADveANAtCNrIa,Boss' Life,Snoop Dogg,Tha Blue Carpet Treatment,4UprL40OVADveANAtCNrIa
501,0.803,0,0.627,6,-3.787,0.443,0.286,0,0.248,0.638,87.105,282187,0FNPiAAdWdWaGr7JOnlKmi,Imagine,Snoop Dogg,Tha Blue Carpet Treatment,0FNPiAAdWdWaGr7JOnlKmi
502,0.613,0,0.835,3,-4.051,0.177,0.106,0,0.14,0.684,143.876,258273,5l53XkYN5rTYmdJ0P2GKFT,Duffle Bag Boy,Playaz Circle,Supply & Demand,5l53XkYN5rTYmdJ0P2GKFT
503,0.623,1,0.896,0,-4.719,0.247,0.035,0,0.0941,0.613,95.158,300933,4cNhx6OO1XpvwT6xZnb83B,Southern Hospitality (Featuring Pharrell),Ludacris,Back For The First Time,4cNhx6OO1XpvwT6xZnb83B
504,0.8,0,0.922,4,-5.125,0.24,0.301,0.00000931,0.0352,0.801,98.631,227867,0s46SltT4On0Z6kglK1I5c,I Just Wanna Love U (Give It 2 Me),JAY-Z,The Dynasty,0s46SltT4On0Z6kglK1I5c
505,0.592,1,0.77,1,-3.402,0.318,0.122,0.00000122,0.103,0.361,191.692,264760,3XrvEifl0hIzgBGUa5jBLS,Grindin',Clipse,Lord Willin',3XrvEifl0hIzgBGUa5jBLS
506,0.761,0,0.899,10,-3.09,0.183,0.0135,0,0.0719,0.673,95.027,217587,1zzxoZVylsna2BQB65Ppcb,X Gon' Give It To Ya,DMX,The Definition of X: Pick Of The Litter,1zzxoZVylsna2BQB65Ppcb
507,0.646,0,0.813,6,-3.846,0.299,0.349,0.0000937,0.0427,0.895,92.729,224440,70FCugJxa7XW04Np6iYJdI,21 Questions,50 Cent,Get Rich Or Die Tryin',70FCugJxa7XW04Np6iYJdI
508,0.829,1,0.624,11,-6.452,0.38,0.0862,0.0000406,0.252,0.7,106.87,264787,6Lcq8nlk2InTcLHwGj7vQN,Kill You,Eminem,Curtain Call (Deluxe),6Lcq8nlk2InTcLHwGj7vQN
509,0.764,0,0.724,1,-4.748,0.368,0.441,0.00000127,0.177,0.826,84.797,336133,0PrLodAzseOnN1EACxuAfV,Renegade,Eminem,Curtain Call (Deluxe),0PrLodAzseOnN1EACxuAfV
510,0.595,0,0.819,0,-6.186,0.143,0.192,0,0.0588,0.498,179.9,240053,2YZsYIsDEXZOU8OS4jEjeC,My Time,Fabolous,Loso's Way,2YZsYIsDEXZOU8OS4jEjeC
511,0.531,0,0.615,5,-8.505,0.262,0.126,0,0.108,0.64,120.53,247693,0hM3pC7Z8xOssVdrf3o54V,"Everything, Everyday, Everywhere",Fabolous,Loso's Way,0hM3pC7Z8xOssVdrf3o54V
512,0.828,0,0.654,10,-8.348,0.0784,0.152,0,0.0563,0.862,93.007,247827,1nZoC7ZKWT8YfOEyCbzCNd,The Fabolous Life,Fabolous,Loso's Way,1nZoC7ZKWT8YfOEyCbzCNd
513,0.632,1,0.924,1,-1.802,0.29,0.281,0,0.263,0.441,86.844,267520,7LR85XLWw2yXqKBSI5brbG,Run This Town,JAY-Z,The Blueprint 3,7LR85XLWw2yXqKBSI5brbG
514,0.531,1,0.973,1,-1.497,0.323,0.13,0,0.353,0.515,86.221,252613,0Fx59cxbrS4v9CsOMUtQEM,Real As It Gets,JAY-Z,The Blueprint 3,0Fx59cxbrS4v9CsOMUtQEM
515,0.602,0,0.723,4,-5.354,0.381,0.0632,0,0.0814,0.611,72.719,252147,0Oi1wJRbRy3ZP5phE9kNMC,So Ambitious,JAY-Z,The Blueprint 3,0Oi1wJRbRy3ZP5phE9kNMC
516,0.891,1,0.627,10,-3.79,0.0521,0.0416,0,0.059,0.336,104.013,258427,1OCre7xil1ym1eXXC4rEM6,Change Clothes,JAY-Z,The Black Album,1OCre7xil1ym1eXXC4rEM6
517,0.918,1,0.552,6,-5.089,0.179,0.236,0,0.0776,0.944,111.977,286920,02D4atMpyjVu6XV6gHOz5S,Mrs. Officer,Lil Wayne,Tha Carter III (Explicit Version),02D4atMpyjVu6XV6gHOz5S
518,0.604,1,0.702,7,-6.287,0.305,0.0584,0,0.387,0.474,85.769,316280,53jk8rTursRV2Wrmy1nPbS,Mr. Carter,Lil Wayne,Tha Carter III (Explicit Version),53jk8rTursRV2Wrmy1nPbS
519,0.693,1,0.823,2,-4.63,0.23,0.125,0,0.0283,0.824,95.268,170133,2sZtWeFh94U2JrXjopmMhZ,Fried Chicken,Nas,Nas,2sZtWeFh94U2JrXjopmMhZ
520,0.872,1,0.919,2,-2.343,0.241,0.0726,0.000013,0.125,0.782,98.97,272200,1KPjcYEp8i53UqIijhEwZL,Rule(Featuring Amerie) - Explicit Album Version,Nas,Stillmatic,1KPjcYEp8i53UqIijhEwZL
521,0.466,1,0.802,8,-3.907,0.356,0.129,0,0.418,0.379,77.485,297853,08xWkJFAp76QWl41VsmK3L,"Brown Paper Bag (feat. Young Jeezy, Juelz Santana, Rick Ross, Fat Joe, Lil Wayne & Dre)",DJ Khaled,We The Best,08xWkJFAp76QWl41VsmK3L
522,0.606,1,0.943,6,-3.948,0.276,0.088,0.0039,0.342,0.802,171.027,223240,6gpZSI0xEMTzleBc5ykOVA,Heart Of The City (Ain't No Love),JAY-Z,The Blueprint (Explicit Version),6gpZSI0xEMTzleBc5ykOVA
523,0.571,1,0.709,8,-5.4,0.322,0.00225,0,0.0504,0.541,88.421,246787,7tyjJuFTQjspVE2AWpnNhY,Hustlers,Nas,Hip Hop Is Dead,7tyjJuFTQjspVE2AWpnNhY
524,0.725,0,0.712,11,-6.288,0.211,0.00965,0.000479,0.364,0.557,168.121,270466,3NnuqIyQFj6IJVVtNNqltD,Crack Music,Kanye West,Late Registration,3NnuqIyQFj6IJVVtNNqltD
525,0.47,0,0.908,11,-6.498,0.37,0.0565,0,0.152,0.246,83.212,297280,6SMwDEKfm0hlVErawcdRAK,"The Art of Storytellin, Pt. 4 (feat. Outkast & Marsha Ambrosius)",DJ Drama,Gangsta Grillz The Album,6SMwDEKfm0hlVErawcdRAK
526,0.725,0,0.64,5,-7.905,0.332,0.0281,0,0.099,0.915,166.028,240027,6glsMWIMIxQ4BedzLqGVi4,"So Fresh, So Clean",Outkast,Stankonia,6glsMWIMIxQ4BedzLqGVi4
527,0.521,1,0.625,1,-7.47,0.067,0.0301,0,0.121,0.136,101.019,334067,0r2Bul2NuCViraT2zX1l5j,Get Low,Lil Jon & The East Side Boyz,Kings Of Crunk,0r2Bul2NuCViraT2zX1l5j
528,0.719,1,0.556,5,-6.862,0.246,0.0912,0.0000115,0.482,0.292,79.94,165747,2FaEEdFTp6Ub0oojqjpSif,Hold Ya Head (feat. Bob Marley),The Notorious B.I.G.,Duets: The Final Chapter,2FaEEdFTp6Ub0oojqjpSif
529,0.778,0,0.867,10,-4.652,0.0787,0.159,0,0.382,0.554,112.6,263253,4JHXyppLjLt5flK0lJ6bsF,"We Takin' Over (feat. T.I., Akon, Birdman, Lil Wayne, Fat Joe & Rick Ross)",DJ Khaled,We The Best,4JHXyppLjLt5flK0lJ6bsF
530,0.688,1,0.835,8,-4.162,0.0911,0.0583,0.00000287,0.0795,0.88,84.858,230493,6ljbkNIzfmFrGyYUTUAleN,Remember the Name (feat. Styles of Beyond),Fort Minor,The Rising Tied,6ljbkNIzfmFrGyYUTUAleN
531,0.75,1,0.849,0,-3.097,0.264,0.0803,0,0.333,0.771,89.501,261093,3vBv2Tp0kHyBDUBZJr9GXQ,Fight Music,D12,Devils Night,3vBv2Tp0kHyBDUBZJr9GXQ
532,0.687,1,0.793,2,-4.254,0.166,0.0603,0,0.582,0.751,107.045,205733,5sNESr6pQfIhL3krM8CtZn,Numb / Encore,JAY-Z,Numb / Encore: MTV Ultimate Mash-Ups Presents Collision Course,5sNESr6pQfIhL3krM8CtZn
533,0.862,1,0.664,0,-4.801,0.2,0.00706,0,0.0653,0.615,105.044,275200,6q9G6WJnmboYa3zBMOZwje,Bitches Ain't Shit,Suga Free,The Features V.2,6q9G6WJnmboYa3zBMOZwje
534,0.231,0,0.881,11,-3.659,0.126,0.0107,0,0.0484,0.216,84.59,447727,6hSIiYJzPmJfAJAWAkid4B,We Major,Kanye West,Late Registration,6hSIiYJzPmJfAJAWAkid4B
535,0.556,0,0.485,4,-4.477,0.263,0.301,0,0.104,0.359,99.235,264400,03ei3y4ilLVo2iZCap6gtp,Beautiful,Masta Ace,A Long Hot Summer,03ei3y4ilLVo2iZCap6gtp
536,0.699,1,0.696,0,-5.745,0.191,0.103,0,0.211,0.428,83.596,249040,3rvM0obwHthpskrZKQxYLa,Dipset Anthem,The Diplomats,Diplomatic Immunity,3rvM0obwHthpskrZKQxYLa
537,0.837,1,0.568,8,-6.899,0.0574,0.0514,0.0203,0.0781,0.429,96.899,260027,3wQ8RcbLwNRH53FelAVCkX,Where I Wanna Be,Shade Sheist,Informal Introduction,3wQ8RcbLwNRH53FelAVCkX
538,0.849,1,0.535,2,-9.11,0.0945,0.0038,0,0.262,0.903,148.053,309427,08jHWeGzvgGTV8Xn4yPbsI,Splurge,Nelly,Nellyville (Explicit Version),08jHWeGzvgGTV8Xn4yPbsI
539,0.618,0,0.691,10,-7.041,0.308,0.00452,0.00000317,0.0614,0.762,170.446,260827,2mSLhpYdxyeKUeiSwdtS6E,Oh Yeah,Foxy Brown,Broken Silence,2mSLhpYdxyeKUeiSwdtS6E
540,0.792,1,0.79,9,-9.033,0.407,0.249,0,0.0705,0.411,97.517,244333,47w8ZDr5nBClBgMS92FBDQ,Quiet Storm (feat. Lil' Kim) - Remix,Mobb Deep,Murda Muzik,47w8ZDr5nBClBgMS92FBDQ
541,0.572,1,0.646,0,-6.866,0.0764,0.0473,0,0.168,0.386,84.456,258373,0kUzKosInPRInIQNqKYnXQ,Ready for War (feat. M.O.P.),Busta Rhymes,Anarchy,0kUzKosInPRInIQNqKYnXQ
542,0.851,0,0.809,4,-4.951,0.0696,0.081,0.00764,0.107,0.447,95.068,238133,0J1siBLQBHYgYKeFgu7RAY,Yo Sassy Ways,Warren G,Return Of The Regulator,0J1siBLQBHYgYKeFgu7RAY
543,0.882,0,0.899,9,-5.865,0.266,0.0289,0.000142,0.327,0.816,140.68,240227,0CJ3Y3V6UQn5X7IjXDO3IO,Cisco Kid,Various Artists,How High,0CJ3Y3V6UQn5X7IjXDO3IO
544,0.806,1,0.633,7,-8.111,0.252,0.124,0,0.305,0.65,86.399,247763,5fZjSIReYPJIPwpvrsyW3o,Woah! - Radio Mix,Black Rob,Whoa!,5fZjSIReYPJIPwpvrsyW3o
545,0.731,0,0.791,10,-4.633,0.0364,0.0168,0,0.0837,0.632,122.007,255680,5yhXLtQL9waNMjgkl8MsMP,I Don't Wanna Care Right Now (feat. MDMA),Lupe Fiasco,Lasers,5yhXLtQL9waNMjgkl8MsMP
546,0.664,1,0.662,1,-6.308,0.401,0.897,0.000163,0.107,0.524,97.733,234973,4zXMw51RgLPRE3vPDuqBvt,The Potion,Ludacris,The Red Light District,4zXMw51RgLPRE3vPDuqBvt